path,sheet,test_name,message,issues,location,example
data/5571723_Profiles_fromICES_ToCalculateAreaExtent_.csv,file,filename_word_separation,"Filename mixes camel case, underscores, and dashes",,filename,5571723_Profiles_fromICES_ToCalculateAreaExtent_.csv
data/5571723_Profiles_fromICES_ToCalculateAreaExtent_.csv,5571723_Profiles_fromICES_ToCalculateAreaExtent_,mixed_datatypes,Table contains columns with mixed data types,,%Platform,"{'numeric': 89549, 'text': 2719730}"
data/5571723_Profiles_fromICES_ToCalculateAreaExtent_.csv,5571723_Profiles_fromICES_ToCalculateAreaExtent_,mixed_datatypes,Table contains columns with mixed data types,,St_No,"{'numeric': 2754075, 'datetime': 131434}"
data/5571723_Profiles_fromICES_ToCalculateAreaExtent_.csv,5571723_Profiles_fromICES_ToCalculateAreaExtent_,mixed_datatypes,Table contains columns with mixed data types,,Year,"{'numeric': 2809279, 'datetime': 2809279}"
data/5571723_Profiles_fromICES_ToCalculateAreaExtent_.csv,5571723_Profiles_fromICES_ToCalculateAreaExtent_,mixed_datatypes,Table contains columns with mixed data types,,Hr,"{'numeric': 2809279, 'datetime': 445573}"
data/5571723_Profiles_fromICES_ToCalculateAreaExtent_.csv,5571723_Profiles_fromICES_ToCalculateAreaExtent_,mixed_datatypes,Table contains columns with mixed data types,,DOXY(umol/l),"{'numeric': 2809223, 'text': 56}"
data/5571723_Profiles_fromICES_ToCalculateAreaExtent_.csv,5571723_Profiles_fromICES_ToCalculateAreaExtent_,header_length,Some headers have improper lengths,,"(6, 'Dy')",Header is less than 4 characters
data/5571723_Profiles_fromICES_ToCalculateAreaExtent_.csv,5571723_Profiles_fromICES_ToCalculateAreaExtent_,header_length,Some headers have improper lengths,,"(7, 'Hr')",Header is less than 4 characters
data/5571723_Profiles_fromICES_ToCalculateAreaExtent_.csv,5571723_Profiles_fromICES_ToCalculateAreaExtent_,header_special_characters,Headers contain special characters,,"(0, '%Platform')",Header contains special characters
data/5571723_Profiles_fromICES_ToCalculateAreaExtent_.csv,5571723_Profiles_fromICES_ToCalculateAreaExtent_,header_special_characters,Headers contain special characters,,"(9, 'Pressure(Dbars)')",Header contains special characters
data/5571723_Profiles_fromICES_ToCalculateAreaExtent_.csv,5571723_Profiles_fromICES_ToCalculateAreaExtent_,header_special_characters,Headers contain special characters,,"(12, 'DOXY(umol/l)')",Header contains special characters
data/5571723_Profiles_fromICES_ToCalculateAreaExtent_.csv,5571723_Profiles_fromICES_ToCalculateAreaExtent_,header_special_characters,Headers contain special characters,,"(13, 'H2SX(umol/l)')",Header contains special characters
data/5571723_Profiles_fromICES_ToCalculateAreaExtent_.csv,5571723_Profiles_fromICES_ToCalculateAreaExtent_,special_characters,Special characters found,,"(2075310, (1, 'St_No'))",Gt1/
data/5571723_Profiles_fromICES_ToCalculateAreaExtent_.csv,5571723_Profiles_fromICES_ToCalculateAreaExtent_,special_characters,Special characters found,,"(2075311, (1, 'St_No'))",Gt1/
data/5571723_Profiles_fromICES_ToCalculateAreaExtent_.csv,5571723_Profiles_fromICES_ToCalculateAreaExtent_,special_characters,Special characters found,,"(2075312, (1, 'St_No'))",Gt1/
data/5571723_Profiles_fromICES_ToCalculateAreaExtent_.csv,5571723_Profiles_fromICES_ToCalculateAreaExtent_,special_characters,Special characters found,,"(2075313, (1, 'St_No'))",Gt1/
data/5571723_Profiles_fromICES_ToCalculateAreaExtent_.csv,5571723_Profiles_fromICES_ToCalculateAreaExtent_,special_characters,Special characters found,,"(2075314, (1, 'St_No'))",Gt1/
data/5571723_Profiles_fromICES_ToCalculateAreaExtent_.csv,5571723_Profiles_fromICES_ToCalculateAreaExtent_,special_characters,Special characters found,,"(2075315, (1, 'St_No'))",Gt1/
data/5571723_Profiles_fromICES_ToCalculateAreaExtent_.csv,5571723_Profiles_fromICES_ToCalculateAreaExtent_,special_characters,Special characters found,,"(2075316, (1, 'St_No'))",Gt1/
data/5571723_Profiles_fromICES_ToCalculateAreaExtent_.csv,5571723_Profiles_fromICES_ToCalculateAreaExtent_,special_characters,Special characters found,,"(2075317, (1, 'St_No'))",Gt1/
data/5571723_Profiles_fromICES_ToCalculateAreaExtent_.csv,5571723_Profiles_fromICES_ToCalculateAreaExtent_,special_characters,Special characters found,,"(2075370, (1, 'St_No'))",B3/Z
data/5571723_Profiles_fromICES_ToCalculateAreaExtent_.csv,5571723_Profiles_fromICES_ToCalculateAreaExtent_,special_characters,Special characters found,,"(2075371, (1, 'St_No'))",B3/Z
data/5571723_Profiles_fromICES_ToCalculateAreaExtent_.csv,5571723_Profiles_fromICES_ToCalculateAreaExtent_,special_characters,Special characters found,,"(2075372, (1, 'St_No'))",B3/Z
data/5571723_Profiles_fromICES_ToCalculateAreaExtent_.csv,5571723_Profiles_fromICES_ToCalculateAreaExtent_,special_characters,Special characters found,,"(2075373, (1, 'St_No'))",B3/Z
data/5571723_Profiles_fromICES_ToCalculateAreaExtent_.csv,5571723_Profiles_fromICES_ToCalculateAreaExtent_,special_characters,Special characters found,,"(2075374, (1, 'St_No'))",B3/Z
data/5571723_Profiles_fromICES_ToCalculateAreaExtent_.csv,5571723_Profiles_fromICES_ToCalculateAreaExtent_,special_characters,Special characters found,,"(2075375, (1, 'St_No'))",B3/Z
data/5571723_Profiles_fromICES_ToCalculateAreaExtent_.csv,5571723_Profiles_fromICES_ToCalculateAreaExtent_,special_characters,Special characters found,,"(2075376, (1, 'St_No'))",B3/Z
data/5571723_Profiles_fromICES_ToCalculateAreaExtent_.csv,5571723_Profiles_fromICES_ToCalculateAreaExtent_,special_characters,Special characters found,,"(2075377, (1, 'St_No'))",B3/Z
data/5571723_Profiles_fromICES_ToCalculateAreaExtent_.csv,5571723_Profiles_fromICES_ToCalculateAreaExtent_,special_characters,Special characters found,,"(2075378, (1, 'St_No'))",B3/Z
data/5571723_Profiles_fromICES_ToCalculateAreaExtent_.csv,5571723_Profiles_fromICES_ToCalculateAreaExtent_,special_characters,Special characters found,,"(2075379, (1, 'St_No'))",B3/Z
data/5571723_Profiles_fromICES_ToCalculateAreaExtent_.csv,5571723_Profiles_fromICES_ToCalculateAreaExtent_,special_characters,Special characters found,,"(2075380, (1, 'St_No'))",B3/Z
data/5571723_Profiles_fromICES_ToCalculateAreaExtent_.csv,5571723_Profiles_fromICES_ToCalculateAreaExtent_,special_characters,Special characters found,,"(2075381, (1, 'St_No'))",B3/Z
data/5571723_Profiles_fromICES_ToCalculateAreaExtent_.csv,5571723_Profiles_fromICES_ToCalculateAreaExtent_,special_characters,Special characters found,,"(2075382, (1, 'St_No'))",B3/Z
data/5571723_Profiles_fromICES_ToCalculateAreaExtent_.csv,5571723_Profiles_fromICES_ToCalculateAreaExtent_,special_characters,Special characters found,,"(2075383, (1, 'St_No'))",B3/Z
data/5571723_Profiles_fromICES_ToCalculateAreaExtent_.csv,5571723_Profiles_fromICES_ToCalculateAreaExtent_,special_characters,Special characters found,,"(2075384, (1, 'St_No'))",B3/Z
data/5571723_Profiles_fromICES_ToCalculateAreaExtent_.csv,5571723_Profiles_fromICES_ToCalculateAreaExtent_,special_characters,Special characters found,,"(2075385, (1, 'St_No'))",B3/Z
data/5571723_Profiles_fromICES_ToCalculateAreaExtent_.csv,5571723_Profiles_fromICES_ToCalculateAreaExtent_,special_characters,Special characters found,,"(2084380, (1, 'St_No'))",13/Z
data/5571723_Profiles_fromICES_ToCalculateAreaExtent_.csv,5571723_Profiles_fromICES_ToCalculateAreaExtent_,special_characters,Special characters found,,"(2084381, (1, 'St_No'))",13/Z
data/5571723_Profiles_fromICES_ToCalculateAreaExtent_.csv,5571723_Profiles_fromICES_ToCalculateAreaExtent_,special_characters,Special characters found,,"(2084382, (1, 'St_No'))",13/Z
data/5571723_Profiles_fromICES_ToCalculateAreaExtent_.csv,5571723_Profiles_fromICES_ToCalculateAreaExtent_,special_characters,Special characters found,,"(2084383, (1, 'St_No'))",13/Z
data/5571723_Profiles_fromICES_ToCalculateAreaExtent_.csv,5571723_Profiles_fromICES_ToCalculateAreaExtent_,special_characters,Special characters found,,"(2084384, (1, 'St_No'))",13/Z
data/5571723_Profiles_fromICES_ToCalculateAreaExtent_.csv,5571723_Profiles_fromICES_ToCalculateAreaExtent_,special_characters,Special characters found,,"(2084385, (1, 'St_No'))",13/Z
data/5571723_Profiles_fromICES_ToCalculateAreaExtent_.csv,5571723_Profiles_fromICES_ToCalculateAreaExtent_,special_characters,Special characters found,,"(2084386, (1, 'St_No'))",13/Z
data/5571723_Profiles_fromICES_ToCalculateAreaExtent_.csv,5571723_Profiles_fromICES_ToCalculateAreaExtent_,special_characters,Special characters found,,"(2084387, (1, 'St_No'))",13/Z
data/5571723_Profiles_fromICES_ToCalculateAreaExtent_.csv,5571723_Profiles_fromICES_ToCalculateAreaExtent_,special_characters,Special characters found,,"(2084388, (1, 'St_No'))",13/Z
data/5571723_Profiles_fromICES_ToCalculateAreaExtent_.csv,5571723_Profiles_fromICES_ToCalculateAreaExtent_,special_characters,Special characters found,,"(2084389, (1, 'St_No'))",13/Z
data/5571723_Profiles_fromICES_ToCalculateAreaExtent_.csv,5571723_Profiles_fromICES_ToCalculateAreaExtent_,special_characters,Special characters found,,"(2090829, (1, 'St_No'))",z01/
data/5571723_Profiles_fromICES_ToCalculateAreaExtent_.csv,5571723_Profiles_fromICES_ToCalculateAreaExtent_,special_characters,Special characters found,,"(2090830, (1, 'St_No'))",z01/
data/5571723_Profiles_fromICES_ToCalculateAreaExtent_.csv,5571723_Profiles_fromICES_ToCalculateAreaExtent_,special_characters,Special characters found,,"(2090831, (1, 'St_No'))",z01/
data/5571723_Profiles_fromICES_ToCalculateAreaExtent_.csv,5571723_Profiles_fromICES_ToCalculateAreaExtent_,special_characters,Special characters found,,"(2090832, (1, 'St_No'))",z01/
data/5571723_Profiles_fromICES_ToCalculateAreaExtent_.csv,5571723_Profiles_fromICES_ToCalculateAreaExtent_,special_characters,Special characters found,,"(2090833, (1, 'St_No'))",z01/
data/5571723_Profiles_fromICES_ToCalculateAreaExtent_.csv,5571723_Profiles_fromICES_ToCalculateAreaExtent_,special_characters,Special characters found,,"(2090834, (1, 'St_No'))",z01/
data/5571723_Profiles_fromICES_ToCalculateAreaExtent_.csv,5571723_Profiles_fromICES_ToCalculateAreaExtent_,special_characters,Special characters found,,"(2090835, (1, 'St_No'))",z01/
data/5571723_Profiles_fromICES_ToCalculateAreaExtent_.csv,5571723_Profiles_fromICES_ToCalculateAreaExtent_,special_characters,Special characters found,,"(2090836, (1, 'St_No'))",z01/
data/5571723_Profiles_fromICES_ToCalculateAreaExtent_.csv,5571723_Profiles_fromICES_ToCalculateAreaExtent_,special_characters,Special characters found,,"(2090837, (1, 'St_No'))",z01/
data/5571723_Profiles_fromICES_ToCalculateAreaExtent_.csv,5571723_Profiles_fromICES_ToCalculateAreaExtent_,special_characters,Special characters found,,"(2090838, (1, 'St_No'))",z01/
data/5571723_Profiles_fromICES_ToCalculateAreaExtent_.csv,5571723_Profiles_fromICES_ToCalculateAreaExtent_,special_characters,Special characters found,,"(2090839, (1, 'St_No'))",z01/
data/5571723_Profiles_fromICES_ToCalculateAreaExtent_.csv,5571723_Profiles_fromICES_ToCalculateAreaExtent_,special_characters,Special characters found,,"(2090840, (1, 'St_No'))",z01/
data/5571723_Profiles_fromICES_ToCalculateAreaExtent_.csv,5571723_Profiles_fromICES_ToCalculateAreaExtent_,special_characters,Special characters found,,"(2090841, (1, 'St_No'))",z01/
data/5571723_Profiles_fromICES_ToCalculateAreaExtent_.csv,5571723_Profiles_fromICES_ToCalculateAreaExtent_,special_characters,Special characters found,,"(2090842, (1, 'St_No'))",z01/
data/5571723_Profiles_fromICES_ToCalculateAreaExtent_.csv,5571723_Profiles_fromICES_ToCalculateAreaExtent_,special_characters,Special characters found,,"(2090843, (1, 'St_No'))",z01/
data/5571723_Profiles_fromICES_ToCalculateAreaExtent_.csv,5571723_Profiles_fromICES_ToCalculateAreaExtent_,special_characters,Special characters found,,"(2090844, (1, 'St_No'))",z01/
data/5571723_Profiles_fromICES_ToCalculateAreaExtent_.csv,5571723_Profiles_fromICES_ToCalculateAreaExtent_,special_characters,Special characters found,,"(2090845, (1, 'St_No'))",z01/
data/5571723_Profiles_fromICES_ToCalculateAreaExtent_.csv,5571723_Profiles_fromICES_ToCalculateAreaExtent_,special_characters,Special characters found,,"(2090846, (1, 'St_No'))",z01/
data/5571723_Profiles_fromICES_ToCalculateAreaExtent_.csv,5571723_Profiles_fromICES_ToCalculateAreaExtent_,special_characters,Special characters found,,"(2090847, (1, 'St_No'))",z01/
data/5571723_Profiles_fromICES_ToCalculateAreaExtent_.csv,5571723_Profiles_fromICES_ToCalculateAreaExtent_,special_characters,Special characters found,,"(2090848, (1, 'St_No'))",z01/
data/5571723_Profiles_fromICES_ToCalculateAreaExtent_.csv,5571723_Profiles_fromICES_ToCalculateAreaExtent_,special_characters,Special characters found,,"(2091113, (1, 'St_No'))",z13/
data/5571723_Profiles_fromICES_ToCalculateAreaExtent_.csv,5571723_Profiles_fromICES_ToCalculateAreaExtent_,special_characters,Special characters found,,"(2091114, (1, 'St_No'))",z13/
data/5571723_Profiles_fromICES_ToCalculateAreaExtent_.csv,5571723_Profiles_fromICES_ToCalculateAreaExtent_,special_characters,Special characters found,,"(2091115, (1, 'St_No'))",z13/
data/5571723_Profiles_fromICES_ToCalculateAreaExtent_.csv,5571723_Profiles_fromICES_ToCalculateAreaExtent_,special_characters,Special characters found,,"(2091116, (1, 'St_No'))",z13/
data/5571723_Profiles_fromICES_ToCalculateAreaExtent_.csv,5571723_Profiles_fromICES_ToCalculateAreaExtent_,special_characters,Special characters found,,"(2091117, (1, 'St_No'))",z13/
data/5571723_Profiles_fromICES_ToCalculateAreaExtent_.csv,5571723_Profiles_fromICES_ToCalculateAreaExtent_,special_characters,Special characters found,,"(2091118, (1, 'St_No'))",z13/
data/5571723_Profiles_fromICES_ToCalculateAreaExtent_.csv,5571723_Profiles_fromICES_ToCalculateAreaExtent_,special_characters,Special characters found,,"(2091119, (1, 'St_No'))",z13/
data/5571723_Profiles_fromICES_ToCalculateAreaExtent_.csv,5571723_Profiles_fromICES_ToCalculateAreaExtent_,special_characters,Special characters found,,"(2091120, (1, 'St_No'))",z13/
data/5571723_Profiles_fromICES_ToCalculateAreaExtent_.csv,5571723_Profiles_fromICES_ToCalculateAreaExtent_,special_characters,Special characters found,,"(2091477, (1, 'St_No'))",z26/
data/5571723_Profiles_fromICES_ToCalculateAreaExtent_.csv,5571723_Profiles_fromICES_ToCalculateAreaExtent_,special_characters,Special characters found,,"(2091478, (1, 'St_No'))",z26/
data/5571723_Profiles_fromICES_ToCalculateAreaExtent_.csv,5571723_Profiles_fromICES_ToCalculateAreaExtent_,special_characters,Special characters found,,"(2091479, (1, 'St_No'))",z26/
data/5571723_Profiles_fromICES_ToCalculateAreaExtent_.csv,5571723_Profiles_fromICES_ToCalculateAreaExtent_,special_characters,Special characters found,,"(2091480, (1, 'St_No'))",z26/
data/5571723_Profiles_fromICES_ToCalculateAreaExtent_.csv,5571723_Profiles_fromICES_ToCalculateAreaExtent_,special_characters,Special characters found,,"(2091481, (1, 'St_No'))",z26/
data/5571723_Profiles_fromICES_ToCalculateAreaExtent_.csv,5571723_Profiles_fromICES_ToCalculateAreaExtent_,special_characters,Special characters found,,"(2091482, (1, 'St_No'))",z26/
data/5571723_Profiles_fromICES_ToCalculateAreaExtent_.csv,5571723_Profiles_fromICES_ToCalculateAreaExtent_,special_characters,Special characters found,,"(2091483, (1, 'St_No'))",z26/
data/5571723_Profiles_fromICES_ToCalculateAreaExtent_.csv,5571723_Profiles_fromICES_ToCalculateAreaExtent_,special_characters,Special characters found,,"(2091484, (1, 'St_No'))",z26/
data/5571723_Profiles_fromICES_ToCalculateAreaExtent_.csv,5571723_Profiles_fromICES_ToCalculateAreaExtent_,special_characters,Special characters found,,"(2091485, (1, 'St_No'))",z26/
data/5571723_Profiles_fromICES_ToCalculateAreaExtent_.csv,5571723_Profiles_fromICES_ToCalculateAreaExtent_,special_characters,Special characters found,,"(2091486, (1, 'St_No'))",z26/
data/5571723_Profiles_fromICES_ToCalculateAreaExtent_.csv,5571723_Profiles_fromICES_ToCalculateAreaExtent_,special_characters,Special characters found,,"(2091487, (1, 'St_No'))",z26/
data/5571723_Profiles_fromICES_ToCalculateAreaExtent_.csv,5571723_Profiles_fromICES_ToCalculateAreaExtent_,special_characters,Special characters found,,"(2091488, (1, 'St_No'))",z26/
data/5571723_Profiles_fromICES_ToCalculateAreaExtent_.csv,5571723_Profiles_fromICES_ToCalculateAreaExtent_,special_characters,Special characters found,,"(2091489, (1, 'St_No'))",z26/
data/5571723_Profiles_fromICES_ToCalculateAreaExtent_.csv,5571723_Profiles_fromICES_ToCalculateAreaExtent_,special_characters,Special characters found,,"(2091558, (1, 'St_No'))",z30/
data/5571723_Profiles_fromICES_ToCalculateAreaExtent_.csv,5571723_Profiles_fromICES_ToCalculateAreaExtent_,special_characters,Special characters found,,"(2091559, (1, 'St_No'))",z30/
data/5571723_Profiles_fromICES_ToCalculateAreaExtent_.csv,5571723_Profiles_fromICES_ToCalculateAreaExtent_,special_characters,Special characters found,,"(2091560, (1, 'St_No'))",z30/
data/5571723_Profiles_fromICES_ToCalculateAreaExtent_.csv,5571723_Profiles_fromICES_ToCalculateAreaExtent_,special_characters,Special characters found,,"(2091561, (1, 'St_No'))",z30/
data/5571723_Profiles_fromICES_ToCalculateAreaExtent_.csv,5571723_Profiles_fromICES_ToCalculateAreaExtent_,special_characters,Special characters found,,"(2091562, (1, 'St_No'))",z30/
data/5571723_Profiles_fromICES_ToCalculateAreaExtent_.csv,5571723_Profiles_fromICES_ToCalculateAreaExtent_,special_characters,Special characters found,,"(2091563, (1, 'St_No'))",z30/
data/5571723_Profiles_fromICES_ToCalculateAreaExtent_.csv,5571723_Profiles_fromICES_ToCalculateAreaExtent_,special_characters,Special characters found,,"(2091564, (1, 'St_No'))",z30/
data/5571723_Profiles_fromICES_ToCalculateAreaExtent_.csv,5571723_Profiles_fromICES_ToCalculateAreaExtent_,special_characters,Special characters found,,"(2091565, (1, 'St_No'))",z30/
data/5571723_Profiles_fromICES_ToCalculateAreaExtent_.csv,5571723_Profiles_fromICES_ToCalculateAreaExtent_,special_characters,Special characters found,,"(2091566, (1, 'St_No'))",z30/
data/5571723_Profiles_fromICES_ToCalculateAreaExtent_.csv,5571723_Profiles_fromICES_ToCalculateAreaExtent_,special_characters,Special characters found,,"(2091567, (1, 'St_No'))",z30/
data/5571723_Profiles_fromICES_ToCalculateAreaExtent_.csv,5571723_Profiles_fromICES_ToCalculateAreaExtent_,special_characters,Special characters found,,"(2091568, (1, 'St_No'))",z30/
data/5571723_Profiles_fromICES_ToCalculateAreaExtent_.csv,5571723_Profiles_fromICES_ToCalculateAreaExtent_,special_characters,Special characters found,,"(2091569, (1, 'St_No'))",z30/
data/5571723_Profiles_fromICES_ToCalculateAreaExtent_.csv,5571723_Profiles_fromICES_ToCalculateAreaExtent_,special_characters,Special characters found,,"(2091570, (1, 'St_No'))",z30/
data/5571723_Profiles_fromICES_ToCalculateAreaExtent_.csv,5571723_Profiles_fromICES_ToCalculateAreaExtent_,special_characters,Special characters found,,"(2091571, (1, 'St_No'))",z30/
data/5571723_Profiles_fromICES_ToCalculateAreaExtent_.csv,5571723_Profiles_fromICES_ToCalculateAreaExtent_,special_characters,Special characters found,,"(2091572, (1, 'St_No'))",z30/
data/5571723_Profiles_fromICES_ToCalculateAreaExtent_.csv,5571723_Profiles_fromICES_ToCalculateAreaExtent_,special_characters,Special characters found,,"(2801056, (12, 'DOXY(umol/l)'))",<1.34
data/5571723_Profiles_fromICES_ToCalculateAreaExtent_.csv,5571723_Profiles_fromICES_ToCalculateAreaExtent_,special_characters,Special characters found,,"(2801101, (12, 'DOXY(umol/l)'))",<1.34
data/5571723_Profiles_fromICES_ToCalculateAreaExtent_.csv,5571723_Profiles_fromICES_ToCalculateAreaExtent_,special_characters,Special characters found,,"(2801102, (12, 'DOXY(umol/l)'))",<1.34
data/5571723_Profiles_fromICES_ToCalculateAreaExtent_.csv,5571723_Profiles_fromICES_ToCalculateAreaExtent_,special_characters,Special characters found,,"(2801110, (12, 'DOXY(umol/l)'))",<1.34
data/5571723_Profiles_fromICES_ToCalculateAreaExtent_.csv,5571723_Profiles_fromICES_ToCalculateAreaExtent_,special_characters,Special characters found,,"(2801111, (12, 'DOXY(umol/l)'))",<1.34
data/5571723_Profiles_fromICES_ToCalculateAreaExtent_.csv,5571723_Profiles_fromICES_ToCalculateAreaExtent_,special_characters,Special characters found,,"(2801112, (12, 'DOXY(umol/l)'))",<1.34
data/5571723_Profiles_fromICES_ToCalculateAreaExtent_.csv,5571723_Profiles_fromICES_ToCalculateAreaExtent_,special_characters,Special characters found,,"(2801113, (12, 'DOXY(umol/l)'))",<1.34
data/5571723_Profiles_fromICES_ToCalculateAreaExtent_.csv,5571723_Profiles_fromICES_ToCalculateAreaExtent_,special_characters,Special characters found,,"(2801115, (12, 'DOXY(umol/l)'))",<1.34
data/5571723_Profiles_fromICES_ToCalculateAreaExtent_.csv,5571723_Profiles_fromICES_ToCalculateAreaExtent_,special_characters,Special characters found,,"(2801116, (12, 'DOXY(umol/l)'))",<1.34
data/5571723_Profiles_fromICES_ToCalculateAreaExtent_.csv,5571723_Profiles_fromICES_ToCalculateAreaExtent_,special_characters,Special characters found,,"(2801117, (12, 'DOXY(umol/l)'))",<1.34
data/5571723_Profiles_fromICES_ToCalculateAreaExtent_.csv,5571723_Profiles_fromICES_ToCalculateAreaExtent_,special_characters,Special characters found,,"(2801118, (12, 'DOXY(umol/l)'))",<1.34
data/5571723_Profiles_fromICES_ToCalculateAreaExtent_.csv,5571723_Profiles_fromICES_ToCalculateAreaExtent_,special_characters,Special characters found,,"(2801120, (12, 'DOXY(umol/l)'))",<1.34
data/5571723_Profiles_fromICES_ToCalculateAreaExtent_.csv,5571723_Profiles_fromICES_ToCalculateAreaExtent_,special_characters,Special characters found,,"(2801122, (12, 'DOXY(umol/l)'))",<1.34
data/5571723_Profiles_fromICES_ToCalculateAreaExtent_.csv,5571723_Profiles_fromICES_ToCalculateAreaExtent_,special_characters,Special characters found,,"(2801123, (12, 'DOXY(umol/l)'))",<1.34
data/5571723_Profiles_fromICES_ToCalculateAreaExtent_.csv,5571723_Profiles_fromICES_ToCalculateAreaExtent_,special_characters,Special characters found,,"(2801124, (12, 'DOXY(umol/l)'))",<1.34
data/5571723_Profiles_fromICES_ToCalculateAreaExtent_.csv,5571723_Profiles_fromICES_ToCalculateAreaExtent_,special_characters,Special characters found,,"(2801125, (12, 'DOXY(umol/l)'))",<1.34
data/5571723_Profiles_fromICES_ToCalculateAreaExtent_.csv,5571723_Profiles_fromICES_ToCalculateAreaExtent_,special_characters,Special characters found,,"(2801126, (12, 'DOXY(umol/l)'))",<1.34
data/5571723_Profiles_fromICES_ToCalculateAreaExtent_.csv,5571723_Profiles_fromICES_ToCalculateAreaExtent_,special_characters,Special characters found,,"(2801127, (12, 'DOXY(umol/l)'))",<1.34
data/5571723_Profiles_fromICES_ToCalculateAreaExtent_.csv,5571723_Profiles_fromICES_ToCalculateAreaExtent_,special_characters,Special characters found,,"(2801168, (12, 'DOXY(umol/l)'))",<1.34
data/5571723_Profiles_fromICES_ToCalculateAreaExtent_.csv,5571723_Profiles_fromICES_ToCalculateAreaExtent_,special_characters,Special characters found,,"(2801169, (12, 'DOXY(umol/l)'))",<1.34
data/5571723_Profiles_fromICES_ToCalculateAreaExtent_.csv,5571723_Profiles_fromICES_ToCalculateAreaExtent_,special_characters,Special characters found,,"(2801177, (12, 'DOXY(umol/l)'))",<1.34
data/5571723_Profiles_fromICES_ToCalculateAreaExtent_.csv,5571723_Profiles_fromICES_ToCalculateAreaExtent_,special_characters,Special characters found,,"(2801178, (12, 'DOXY(umol/l)'))",<1.34
data/5571723_Profiles_fromICES_ToCalculateAreaExtent_.csv,5571723_Profiles_fromICES_ToCalculateAreaExtent_,special_characters,Special characters found,,"(2801179, (12, 'DOXY(umol/l)'))",<1.34
data/5571723_Profiles_fromICES_ToCalculateAreaExtent_.csv,5571723_Profiles_fromICES_ToCalculateAreaExtent_,special_characters,Special characters found,,"(2801180, (12, 'DOXY(umol/l)'))",<1.34
data/5571723_Profiles_fromICES_ToCalculateAreaExtent_.csv,5571723_Profiles_fromICES_ToCalculateAreaExtent_,special_characters,Special characters found,,"(2801181, (12, 'DOXY(umol/l)'))",<1.34
data/5571723_Profiles_fromICES_ToCalculateAreaExtent_.csv,5571723_Profiles_fromICES_ToCalculateAreaExtent_,special_characters,Special characters found,,"(2801182, (12, 'DOXY(umol/l)'))",<1.34
data/5571723_Profiles_fromICES_ToCalculateAreaExtent_.csv,5571723_Profiles_fromICES_ToCalculateAreaExtent_,special_characters,Special characters found,,"(2801187, (12, 'DOXY(umol/l)'))",<1.34
data/5571723_Profiles_fromICES_ToCalculateAreaExtent_.csv,5571723_Profiles_fromICES_ToCalculateAreaExtent_,special_characters,Special characters found,,"(2801188, (12, 'DOXY(umol/l)'))",<1.34
data/5571723_Profiles_fromICES_ToCalculateAreaExtent_.csv,5571723_Profiles_fromICES_ToCalculateAreaExtent_,special_characters,Special characters found,,"(2801189, (12, 'DOXY(umol/l)'))",<1.34
data/5571723_Profiles_fromICES_ToCalculateAreaExtent_.csv,5571723_Profiles_fromICES_ToCalculateAreaExtent_,special_characters,Special characters found,,"(2801190, (12, 'DOXY(umol/l)'))",<1.34
data/5571723_Profiles_fromICES_ToCalculateAreaExtent_.csv,5571723_Profiles_fromICES_ToCalculateAreaExtent_,special_characters,Special characters found,,"(2801191, (12, 'DOXY(umol/l)'))",<1.34
data/5571723_Profiles_fromICES_ToCalculateAreaExtent_.csv,5571723_Profiles_fromICES_ToCalculateAreaExtent_,special_characters,Special characters found,,"(2801192, (12, 'DOXY(umol/l)'))",<1.34
data/5571723_Profiles_fromICES_ToCalculateAreaExtent_.csv,5571723_Profiles_fromICES_ToCalculateAreaExtent_,special_characters,Special characters found,,"(2801193, (12, 'DOXY(umol/l)'))",<1.34
data/5571723_Profiles_fromICES_ToCalculateAreaExtent_.csv,5571723_Profiles_fromICES_ToCalculateAreaExtent_,special_characters,Special characters found,,"(2801194, (12, 'DOXY(umol/l)'))",<1.34
data/5571723_Profiles_fromICES_ToCalculateAreaExtent_.csv,5571723_Profiles_fromICES_ToCalculateAreaExtent_,special_characters,Special characters found,,"(2801196, (12, 'DOXY(umol/l)'))",<1.34
data/5571723_Profiles_fromICES_ToCalculateAreaExtent_.csv,5571723_Profiles_fromICES_ToCalculateAreaExtent_,special_characters,Special characters found,,"(2801197, (12, 'DOXY(umol/l)'))",<1.34
data/5571723_Profiles_fromICES_ToCalculateAreaExtent_.csv,5571723_Profiles_fromICES_ToCalculateAreaExtent_,special_characters,Special characters found,,"(2801198, (12, 'DOXY(umol/l)'))",<1.34
data/5571723_Profiles_fromICES_ToCalculateAreaExtent_.csv,5571723_Profiles_fromICES_ToCalculateAreaExtent_,special_characters,Special characters found,,"(2801203, (12, 'DOXY(umol/l)'))",<1.34
data/5571723_Profiles_fromICES_ToCalculateAreaExtent_.csv,5571723_Profiles_fromICES_ToCalculateAreaExtent_,special_characters,Special characters found,,"(2801204, (12, 'DOXY(umol/l)'))",<1.34
data/5571723_Profiles_fromICES_ToCalculateAreaExtent_.csv,5571723_Profiles_fromICES_ToCalculateAreaExtent_,special_characters,Special characters found,,"(2801205, (12, 'DOXY(umol/l)'))",<1.34
data/5571723_Profiles_fromICES_ToCalculateAreaExtent_.csv,5571723_Profiles_fromICES_ToCalculateAreaExtent_,special_characters,Special characters found,,"(2801228, (12, 'DOXY(umol/l)'))",<1.34
data/5571723_Profiles_fromICES_ToCalculateAreaExtent_.csv,5571723_Profiles_fromICES_ToCalculateAreaExtent_,special_characters,Special characters found,,"(2801229, (12, 'DOXY(umol/l)'))",<1.34
data/5571723_Profiles_fromICES_ToCalculateAreaExtent_.csv,5571723_Profiles_fromICES_ToCalculateAreaExtent_,special_characters,Special characters found,,"(2801230, (12, 'DOXY(umol/l)'))",<1.34
data/5571723_Profiles_fromICES_ToCalculateAreaExtent_.csv,5571723_Profiles_fromICES_ToCalculateAreaExtent_,special_characters,Special characters found,,"(2801231, (12, 'DOXY(umol/l)'))",<1.34
data/5571723_Profiles_fromICES_ToCalculateAreaExtent_.csv,5571723_Profiles_fromICES_ToCalculateAreaExtent_,special_characters,Special characters found,,"(2801232, (12, 'DOXY(umol/l)'))",<1.34
data/5571723_Profiles_fromICES_ToCalculateAreaExtent_.csv,5571723_Profiles_fromICES_ToCalculateAreaExtent_,special_characters,Special characters found,,"(2801249, (12, 'DOXY(umol/l)'))",<1.34
data/5571723_Profiles_fromICES_ToCalculateAreaExtent_.csv,5571723_Profiles_fromICES_ToCalculateAreaExtent_,special_characters,Special characters found,,"(2801250, (12, 'DOXY(umol/l)'))",<1.34
data/5571723_Profiles_fromICES_ToCalculateAreaExtent_.csv,5571723_Profiles_fromICES_ToCalculateAreaExtent_,special_characters,Special characters found,,"(2801251, (12, 'DOXY(umol/l)'))",<1.34
data/5571723_Profiles_fromICES_ToCalculateAreaExtent_.csv,5571723_Profiles_fromICES_ToCalculateAreaExtent_,special_characters,Special characters found,,"(2801257, (12, 'DOXY(umol/l)'))",<1.34
data/5571723_Profiles_fromICES_ToCalculateAreaExtent_.csv,5571723_Profiles_fromICES_ToCalculateAreaExtent_,special_characters,Special characters found,,"(2801258, (12, 'DOXY(umol/l)'))",<1.34
data/5571723_Profiles_fromICES_ToCalculateAreaExtent_.csv,5571723_Profiles_fromICES_ToCalculateAreaExtent_,special_characters,Special characters found,,"(2801866, (12, 'DOXY(umol/l)'))",<6.25
data/5571723_Profiles_fromICES_ToCalculateAreaExtent_.csv,5571723_Profiles_fromICES_ToCalculateAreaExtent_,special_characters,Special characters found,,"(2801867, (12, 'DOXY(umol/l)'))",<6.25
data/5571723_Profiles_fromICES_ToCalculateAreaExtent_.csv,5571723_Profiles_fromICES_ToCalculateAreaExtent_,special_characters,Special characters found,,"(2801946, (12, 'DOXY(umol/l)'))",<6.25
data/5571723_Profiles_fromICES_ToCalculateAreaExtent_.csv,5571723_Profiles_fromICES_ToCalculateAreaExtent_,special_characters,Special characters found,,"(2801947, (12, 'DOXY(umol/l)'))",<6.25
data/5571723_Profiles_fromICES_ToCalculateAreaExtent_.csv,5571723_Profiles_fromICES_ToCalculateAreaExtent_,special_characters,Special characters found,,"(2801964, (12, 'DOXY(umol/l)'))",<6.25
data/5571723_Profiles_fromICES_ToCalculateAreaExtent_.csv,5571723_Profiles_fromICES_ToCalculateAreaExtent_,special_characters,Special characters found,,"(2801965, (12, 'DOXY(umol/l)'))",<6.25
data/5571723_Profiles_fromICES_ToCalculateAreaExtent_.csv,5571723_Profiles_fromICES_ToCalculateAreaExtent_,white_space,Leading or trailing white space found,,"(2069526, (1, 'St_No'))",h04 
data/5571723_Profiles_fromICES_ToCalculateAreaExtent_.csv,5571723_Profiles_fromICES_ToCalculateAreaExtent_,white_space,Leading or trailing white space found,,"(2069527, (1, 'St_No'))",h04 
data/5571723_Profiles_fromICES_ToCalculateAreaExtent_.csv,5571723_Profiles_fromICES_ToCalculateAreaExtent_,white_space,Leading or trailing white space found,,"(2069528, (1, 'St_No'))",h04 
data/5571723_Profiles_fromICES_ToCalculateAreaExtent_.csv,5571723_Profiles_fromICES_ToCalculateAreaExtent_,white_space,Leading or trailing white space found,,"(2069529, (1, 'St_No'))",h04 
data/5571723_Profiles_fromICES_ToCalculateAreaExtent_.csv,5571723_Profiles_fromICES_ToCalculateAreaExtent_,white_space,Leading or trailing white space found,,"(2069530, (1, 'St_No'))",h04 
data/5571723_Profiles_fromICES_ToCalculateAreaExtent_.csv,5571723_Profiles_fromICES_ToCalculateAreaExtent_,white_space,Leading or trailing white space found,,"(2069531, (1, 'St_No'))",h04 
data/5571723_Profiles_fromICES_ToCalculateAreaExtent_.csv,5571723_Profiles_fromICES_ToCalculateAreaExtent_,white_space,Leading or trailing white space found,,"(2069532, (1, 'St_No'))",h04 
data/5571723_Profiles_fromICES_ToCalculateAreaExtent_.csv,5571723_Profiles_fromICES_ToCalculateAreaExtent_,white_space,Leading or trailing white space found,,"(2069533, (1, 'St_No'))",h04 
data/5571723_Profiles_fromICES_ToCalculateAreaExtent_.csv,5571723_Profiles_fromICES_ToCalculateAreaExtent_,white_space,Leading or trailing white space found,,"(2069534, (1, 'St_No'))",h04 
data/5571723_Profiles_fromICES_ToCalculateAreaExtent_.csv,5571723_Profiles_fromICES_ToCalculateAreaExtent_,white_space,Leading or trailing white space found,,"(2069535, (1, 'St_No'))",h04 
data/5571723_Profiles_fromICES_ToCalculateAreaExtent_.csv,5571723_Profiles_fromICES_ToCalculateAreaExtent_,white_space,Leading or trailing white space found,,"(2069536, (1, 'St_No'))",h04 
data/5571723_Profiles_fromICES_ToCalculateAreaExtent_.csv,5571723_Profiles_fromICES_ToCalculateAreaExtent_,white_space,Leading or trailing white space found,,"(2069537, (1, 'St_No'))",h04 
data/5571723_Profiles_fromICES_ToCalculateAreaExtent_.csv,5571723_Profiles_fromICES_ToCalculateAreaExtent_,white_space,Leading or trailing white space found,,"(2069538, (1, 'St_No'))",h04 
data/5571723_Profiles_fromICES_ToCalculateAreaExtent_.csv,5571723_Profiles_fromICES_ToCalculateAreaExtent_,white_space,Leading or trailing white space found,,"(2069539, (1, 'St_No'))",h04 
data/5571723_Profiles_fromICES_ToCalculateAreaExtent_.csv,5571723_Profiles_fromICES_ToCalculateAreaExtent_,white_space,Leading or trailing white space found,,"(2069540, (1, 'St_No'))",h04 
data/5571723_Profiles_fromICES_ToCalculateAreaExtent_.csv,5571723_Profiles_fromICES_ToCalculateAreaExtent_,white_space,Leading or trailing white space found,,"(2069541, (1, 'St_No'))",h04 
data/5571723_Profiles_fromICES_ToCalculateAreaExtent_.csv,5571723_Profiles_fromICES_ToCalculateAreaExtent_,white_space,Leading or trailing white space found,,"(2077284, (1, 'St_No'))",2Gd 
data/5571723_Profiles_fromICES_ToCalculateAreaExtent_.csv,5571723_Profiles_fromICES_ToCalculateAreaExtent_,white_space,Leading or trailing white space found,,"(2077285, (1, 'St_No'))",2Gd 
data/5571723_Profiles_fromICES_ToCalculateAreaExtent_.csv,5571723_Profiles_fromICES_ToCalculateAreaExtent_,white_space,Leading or trailing white space found,,"(2077286, (1, 'St_No'))",2Gd 
data/5571723_Profiles_fromICES_ToCalculateAreaExtent_.csv,5571723_Profiles_fromICES_ToCalculateAreaExtent_,white_space,Leading or trailing white space found,,"(2077287, (1, 'St_No'))",2Gd 
data/5571723_Profiles_fromICES_ToCalculateAreaExtent_.csv,5571723_Profiles_fromICES_ToCalculateAreaExtent_,white_space,Leading or trailing white space found,,"(2077288, (1, 'St_No'))",2Gd 
data/5571723_Profiles_fromICES_ToCalculateAreaExtent_.csv,5571723_Profiles_fromICES_ToCalculateAreaExtent_,white_space,Leading or trailing white space found,,"(2077289, (1, 'St_No'))",2Gd 
data/5571723_Profiles_fromICES_ToCalculateAreaExtent_.csv,5571723_Profiles_fromICES_ToCalculateAreaExtent_,white_space,Leading or trailing white space found,,"(2077290, (1, 'St_No'))",2Gd 
data/5571723_Profiles_fromICES_ToCalculateAreaExtent_.csv,5571723_Profiles_fromICES_ToCalculateAreaExtent_,white_space,Leading or trailing white space found,,"(2077291, (1, 'St_No'))",2Gd 
data/5571723_Profiles_fromICES_ToCalculateAreaExtent_.csv,5571723_Profiles_fromICES_ToCalculateAreaExtent_,white_space,Leading or trailing white space found,,"(2077292, (1, 'St_No'))",2Gd 
data/5571723_Profiles_fromICES_ToCalculateAreaExtent_.csv,5571723_Profiles_fromICES_ToCalculateAreaExtent_,white_space,Leading or trailing white space found,,"(2077293, (1, 'St_No'))",2Gd 
data/5571723_Profiles_fromICES_ToCalculateAreaExtent_.csv,5571723_Profiles_fromICES_ToCalculateAreaExtent_,white_space,Leading or trailing white space found,,"(2077294, (1, 'St_No'))",2Gd 
data/5571723_Profiles_fromICES_ToCalculateAreaExtent_.csv,5571723_Profiles_fromICES_ToCalculateAreaExtent_,white_space,Leading or trailing white space found,,"(2077295, (1, 'St_No'))",2Gd 
data/5571723_Profiles_fromICES_ToCalculateAreaExtent_.csv,5571723_Profiles_fromICES_ToCalculateAreaExtent_,white_space,Leading or trailing white space found,,"(2077296, (1, 'St_No'))",2Gd 
data/5571723_Profiles_fromICES_ToCalculateAreaExtent_.csv,5571723_Profiles_fromICES_ToCalculateAreaExtent_,white_space,Leading or trailing white space found,,"(2077297, (1, 'St_No'))",2Gd 
data/5571723_Profiles_fromICES_ToCalculateAreaExtent_.csv,5571723_Profiles_fromICES_ToCalculateAreaExtent_,white_space,Leading or trailing white space found,,"(2077298, (1, 'St_No'))",2Gd 
data/5571723_Profiles_fromICES_ToCalculateAreaExtent_.csv,5571723_Profiles_fromICES_ToCalculateAreaExtent_,white_space,Leading or trailing white space found,,"(2077299, (1, 'St_No'))",2Gd 
data/5571723_Profiles_fromICES_ToCalculateAreaExtent_.csv,5571723_Profiles_fromICES_ToCalculateAreaExtent_,white_space,Leading or trailing white space found,,"(2077300, (1, 'St_No'))",2Gd 
data/5571723_Profiles_fromICES_ToCalculateAreaExtent_.csv,5571723_Profiles_fromICES_ToCalculateAreaExtent_,white_space,Leading or trailing white space found,,"(2077301, (1, 'St_No'))",2Gd 
data/5571723_Profiles_fromICES_ToCalculateAreaExtent_.csv,5571723_Profiles_fromICES_ToCalculateAreaExtent_,white_space,Leading or trailing white space found,,"(2091823, (1, 'St_No'))",H 8 
data/5571723_Profiles_fromICES_ToCalculateAreaExtent_.csv,5571723_Profiles_fromICES_ToCalculateAreaExtent_,white_space,Leading or trailing white space found,,"(2091824, (1, 'St_No'))",H 8 
data/5571723_Profiles_fromICES_ToCalculateAreaExtent_.csv,5571723_Profiles_fromICES_ToCalculateAreaExtent_,white_space,Leading or trailing white space found,,"(2091825, (1, 'St_No'))",H 8 
data/5571723_Profiles_fromICES_ToCalculateAreaExtent_.csv,5571723_Profiles_fromICES_ToCalculateAreaExtent_,white_space,Leading or trailing white space found,,"(2091826, (1, 'St_No'))",H 8 
data/5571723_Profiles_fromICES_ToCalculateAreaExtent_.csv,5571723_Profiles_fromICES_ToCalculateAreaExtent_,white_space,Leading or trailing white space found,,"(2091827, (1, 'St_No'))",H 8 
data/5571723_Profiles_fromICES_ToCalculateAreaExtent_.csv,5571723_Profiles_fromICES_ToCalculateAreaExtent_,white_space,Leading or trailing white space found,,"(2091828, (1, 'St_No'))",H 8 
data/5571723_Profiles_fromICES_ToCalculateAreaExtent_.csv,5571723_Profiles_fromICES_ToCalculateAreaExtent_,white_space,Leading or trailing white space found,,"(2091829, (1, 'St_No'))",H 8 
data/5571723_Profiles_fromICES_ToCalculateAreaExtent_.csv,5571723_Profiles_fromICES_ToCalculateAreaExtent_,white_space,Leading or trailing white space found,,"(2091830, (1, 'St_No'))",H 8 
data/5571723_Profiles_fromICES_ToCalculateAreaExtent_.csv,5571723_Profiles_fromICES_ToCalculateAreaExtent_,white_space,Leading or trailing white space found,,"(2091831, (1, 'St_No'))",H 8 
data/5571723_Profiles_fromICES_ToCalculateAreaExtent_.csv,5571723_Profiles_fromICES_ToCalculateAreaExtent_,white_space,Leading or trailing white space found,,"(2091832, (1, 'St_No'))",H 8 
data/5571723_Profiles_fromICES_ToCalculateAreaExtent_.csv,5571723_Profiles_fromICES_ToCalculateAreaExtent_,white_space,Leading or trailing white space found,,"(2091833, (1, 'St_No'))",H 8 
data/5571723_Profiles_fromICES_ToCalculateAreaExtent_.csv,5571723_Profiles_fromICES_ToCalculateAreaExtent_,white_space,Leading or trailing white space found,,"(2091834, (1, 'St_No'))",H 8 
data/5571723_Profiles_fromICES_ToCalculateAreaExtent_.csv,5571723_Profiles_fromICES_ToCalculateAreaExtent_,white_space,Leading or trailing white space found,,"(2091835, (1, 'St_No'))",H 8 
data/5571723_Profiles_fromICES_ToCalculateAreaExtent_.csv,5571723_Profiles_fromICES_ToCalculateAreaExtent_,white_space,Leading or trailing white space found,,"(2091836, (1, 'St_No'))",H 8 
data/5571723_Profiles_fromICES_ToCalculateAreaExtent_.csv,5571723_Profiles_fromICES_ToCalculateAreaExtent_,white_space,Leading or trailing white space found,,"(2091837, (1, 'St_No'))",H 8 
data/5571723_Profiles_fromICES_ToCalculateAreaExtent_.csv,5571723_Profiles_fromICES_ToCalculateAreaExtent_,white_space,Leading or trailing white space found,,"(2091838, (1, 'St_No'))",H 8 
