path,sheet,test_name,message,issues,example
data/Final_dataset_RFIs.csv,file,filename_final,Filename contains 'final',filename,Final_dataset_RFIs.csv
data/Final_dataset_RFIs.csv,Final_dataset_RFIs,header_duplicates,Duplicate headers found,Req/Not Req,Repeated 2 times
data/Final_dataset_RFIs.csv,Final_dataset_RFIs,header_space,Some headers have spaces,"(1, 'Name of Doc')",Header has a space
data/Final_dataset_RFIs.csv,Final_dataset_RFIs,header_space,Some headers have spaces,"(2, 'Req/Not Req')",Header has a space
data/Final_dataset_RFIs.csv,Final_dataset_RFIs,header_space,Some headers have spaces,"(3, 'Req/Not Req')",Header has a space
data/Final_dataset_RFIs.csv,Final_dataset_RFIs,header_special_characters,Headers contain special characters,"(2, 'Req/Not Req')",Header contains special characters
data/Final_dataset_RFIs.csv,Final_dataset_RFIs,header_special_characters,Headers contain special characters,"(3, 'Req/Not Req')",Header contains special characters
data/Final_dataset_RFIs.csv,Final_dataset_RFIs,special_characters,Special characters found,"(0, (0, 'Requirement'))",The tool should be robust and ease of use.  (Takes little time to manage the tool). 
data/Final_dataset_RFIs.csv,Final_dataset_RFIs,special_characters,Special characters found,"(1, (0, 'Requirement'))",Generate document (process guide) from process diagrams in a customizable format.  
data/Final_dataset_RFIs.csv,Final_dataset_RFIs,special_characters,Special characters found,"(4, (0, 'Requirement'))","The tool should provide import/export/integration capabilities to common Microsoft tools (i.e. Excel, Word, SharePoint, etc.)"
data/Final_dataset_RFIs.csv,Final_dataset_RFIs,special_characters,Special characters found,"(5, (0, 'Requirement'))","The solution shall provide the capability to develop interactive process maps (flows) that link to task descriptions, enablers and best practice examples of deliverables"
data/Final_dataset_RFIs.csv,Final_dataset_RFIs,special_characters,Special characters found,"(11, (0, 'Requirement'))","There should be a feature to send warnings for missing integration links between defined processes ""(i.e. as we tie models together and there is a missing link, it  would provide a warning)"
data/Final_dataset_RFIs.csv,Final_dataset_RFIs,special_characters,Special characters found,"(12, (0, 'Requirement'))",The tool should identify/keep track of relationships between processes so that consistency in process integration touch points can be maintained.  
data/Final_dataset_RFIs.csv,Final_dataset_RFIs,special_characters,Special characters found,"(15, (0, 'Requirement'))","The tool should provide a means of linking to documents outside of tool (i. e. SharePoint, etc.)"
data/Final_dataset_RFIs.csv,Final_dataset_RFIs,special_characters,Special characters found,"(16, (0, 'Requirement'))",The tool should allow for identifying/managing standardized KPI's
data/Final_dataset_RFIs.csv,Final_dataset_RFIs,special_characters,Special characters found,"(29, (0, 'Requirement'))","The tool should have the ability to send users a link that will take them to specific documents within the repository: Ability to have one enabler used multiple times across different processes, Ability to track changes/version control, Integration with Active Directory, Single Sign On, Role based access, Data analytics capabilities."
data/Final_dataset_RFIs.csv,Final_dataset_RFIs,special_characters,Special characters found,"(30, (0, 'Requirement'))","The solution shall provide the capability to migrate current processes content (process maps, documents, enablers, etc.) from the current, interim solution."
data/Final_dataset_RFIs.csv,Final_dataset_RFIs,special_characters,Special characters found,"(35, (0, 'Requirement'))","Looking at our current engineering practices, that are very much hardware component driven, we want to be more pro-active (up-front system design). "
data/Final_dataset_RFIs.csv,Final_dataset_RFIs,special_characters,Special characters found,"(38, (0, 'Requirement'))","In this RFI, the following fields of Systems Engineering expertise will be in focus: Stakeholder Requirements Management, Requirements Management, Systems Architecture and Design (MBSE), Requirements driven Verification and Validation. "
data/Final_dataset_RFIs.csv,Final_dataset_RFIs,special_characters,Special characters found,"(39, (0, 'Requirement'))","However, surrounding fields of expertise, e.g. Systems Analysis and general support processes (e.g. report & measurements, Configuration Management), is also of interest."
data/Final_dataset_RFIs.csv,Final_dataset_RFIs,special_characters,Special characters found,"(41, (0, 'Requirement'))","Systems Engineering within ACME is today very requirements driven but now it is time to start looking at MBSE with support of standard general-purpose modeling language (e.g. SysML, UML and IDEF)."
data/Final_dataset_RFIs.csv,Final_dataset_RFIs,special_characters,Special characters found,"(51, (0, 'Requirement'))",Only responses that are 100% complete will be considered
data/Final_dataset_RFIs.csv,Final_dataset_RFIs,special_characters,Special characters found,"(54, (0, 'Requirement'))",IT Purchasing function is serving all ACME Group Business Areas / Units.
data/Final_dataset_RFIs.csv,Final_dataset_RFIs,special_characters,Special characters found,"(55, (0, 'Requirement'))","A working group, with members from all Business Areas/Business Units involved, has been set up to investigate available solutions on the market and recommend a tool set for SE. "
data/Final_dataset_RFIs.csv,Final_dataset_RFIs,special_characters,Special characters found,"(57, (0, 'Requirement'))",IT Purchasing’s commission is to execute a Master/ Frame Agreement with one or more vendors and applications from their portfolios possible to use for The ACME Group. 
data/Final_dataset_RFIs.csv,Final_dataset_RFIs,special_characters,Special characters found,"(75, (0, 'Requirement'))",No documents or CD / DVDs will be returned
data/Final_dataset_RFIs.csv,Final_dataset_RFIs,special_characters,Special characters found,"(76, (0, 'Requirement'))","This RFI requires that all products and/or functionality expressed in the responses to this RFI, are generally available from the Supplier (or his subcontractors) for a period of at least six months. "
data/Final_dataset_RFIs.csv,Final_dataset_RFIs,special_characters,Special characters found,"(77, (0, 'Requirement'))","If the Supplier wishes to set forth a product and/or function that does not match this description (product under development, for example) this has to be clearly expressed in the responses, including an explanation why it is considered to have a better potential for ACME."
data/Final_dataset_RFIs.csv,Final_dataset_RFIs,special_characters,Special characters found,"(79, (0, 'Requirement'))","Suppliers ability to support needed Systems Engineering capabilities, for example: Stakeholder Requirements Management, Requirements Management, System Architecture and Design (MBSE), Develop alternatives / robust concept selection, Requirements Verification and Validation, Configuration / Change Management of work items, Support for project management & metrics, Support for Product Family engineering, Global operation, Compliance to IS/IT Solution Architectural criteria. for exmple: System Requirement, Client/web access, Database solutions, Functional capabilities of tool environments, for example: The Supplier’s ability to deliver according to our requirements, The Technological and functional capacity to implement and fulfill any given requirements,No specific adaptions, out of the box solution, Total Cost of ownership, for example: Investment and Running Cost"
data/Final_dataset_RFIs.csv,Final_dataset_RFIs,special_characters,Special characters found,"(81, (0, 'Requirement'))","Suppliers selected, after screening RFI responses, will have the possibility to make one presentation of their proposal/system, including demo."
data/Final_dataset_RFIs.csv,Final_dataset_RFIs,special_characters,Special characters found,"(86, (0, 'Requirement'))",This project will not only look for a single vendor/tool solution. 
data/Final_dataset_RFIs.csv,Final_dataset_RFIs,special_characters,Special characters found,"(92, (0, 'Requirement'))",Text entries within << >> signs are examples that should be replaced with vendor specific information
data/Final_dataset_RFIs.csv,Final_dataset_RFIs,special_characters,Special characters found,"(105, (0, 'Requirement'))","If the solution does not have a proprietary database it shall support one the following databases, Oracle, MySQL, Postgres (preferred) possibly SQL Server."
data/Final_dataset_RFIs.csv,Final_dataset_RFIs,special_characters,Special characters found,"(116, (0, 'Requirement'))",ACME runs VMWare 5.1U1 (today) or 5.1U3. 
data/Final_dataset_RFIs.csv,Final_dataset_RFIs,special_characters,Special characters found,"(131, (0, 'Requirement'))","The supplier must detail the recommended configuration (RAM, hard drive size, processor speed). "
data/Final_dataset_RFIs.csv,Final_dataset_RFIs,special_characters,Special characters found,"(144, (0, 'Requirement'))","For authentication to the web service, the provider must indicate the authentication mechanisms available (basic authentication, user of a server certificate, joint use of a server certificate and a client certificate etc). "
data/Final_dataset_RFIs.csv,Final_dataset_RFIs,special_characters,Special characters found,"(148, (0, 'Requirement'))","The response time access to data streams (3D content, 2D) must be uniform throughout the world."
data/Final_dataset_RFIs.csv,Final_dataset_RFIs,special_characters,Special characters found,"(149, (0, 'Requirement'))","If, to achieve this objective, the solution should include mechanisms for replication streams on multiple sites (ACME like Romania or Brazil) the solution should be detailed."
data/Final_dataset_RFIs.csv,Final_dataset_RFIs,special_characters,Special characters found,"(150, (0, 'Requirement'))","Element solution to specify: When replication is initiated (on demand or anticipated), Can it be filtered according to the location of the site, content criteria or by access-related profile, If content criteria, the nature of the content criteria: attributes, location inside the organization database."
data/Final_dataset_RFIs.csv,Final_dataset_RFIs,special_characters,Special characters found,"(151, (0, 'Requirement'))",The Solution Provider must ensure its compatibility with the technologies of data transfer (CFT and MQ) and detail a technical solution for the integration of two technologies The publisher must detail its solution elements in the answer.
data/Final_dataset_RFIs.csv,Final_dataset_RFIs,special_characters,Special characters found,"(152, (0, 'Requirement'))",The Solution Provider must ensure that there is no degradation of response time caused by internal batch processing to the solution (full text indexing) or external (data transfer with other ACME IT systems).
data/Final_dataset_RFIs.csv,Final_dataset_RFIs,special_characters,Special characters found,"(155, (0, 'Requirement'))","The provider must specify the data to be stored (databases, full text indexing, RSS replicated if more data to be stored), the order of safeguards to ensure a consistent backup, possible additional backup steps to ensure the entire backup. "
data/Final_dataset_RFIs.csv,Final_dataset_RFIs,special_characters,Special characters found,"(157, (0, 'Requirement'))","The provider must specify the data to be restored (database, full-text index, RSS replicated if other data should be saved), the order of restoration ensuring consistency of food, possible additional steps to safeguard guarantee the complete restoration"
data/Final_dataset_RFIs.csv,Final_dataset_RFIs,special_characters,Special characters found,"(167, (0, 'Requirement'))",Does the application has a management console and / or administration? 
data/Final_dataset_RFIs.csv,Final_dataset_RFIs,special_characters,Special characters found,"(168, (0, 'Requirement'))","Level of functionality offered: Ability to check if the software components are available (""ping application""), Monitoring of system activities and components Access indicators of system activity (number of active sessions, memory usage, etc....)"
data/Final_dataset_RFIs.csv,Final_dataset_RFIs,special_characters,Special characters found,"(170, (0, 'Requirement'))",Does the software uses a standard technology (eg FlexLM) or a proprietary technology?? 
data/Final_dataset_RFIs.csv,Final_dataset_RFIs,special_characters,Special characters found,"(173, (0, 'Requirement'))",Supplier must indicate if tools are available to import / export content or configuration between environments (eg change the configuration to test production environments). 
data/Final_dataset_RFIs.csv,Final_dataset_RFIs,special_characters,Special characters found,"(174, (0, 'Requirement'))","For each tool, the supplier must specify what data is imported or exported, the filtering level (all data, filtered data), format (XML-based file-based, multi file or single file) and the procedure associated."
data/Final_dataset_RFIs.csv,Final_dataset_RFIs,special_characters,Special characters found,"(176, (0, 'Requirement'))",ACME recommended platform are RedHat Linux 6.5 (preferably) or Windows 2012 R2. 
data/Final_dataset_RFIs.csv,Final_dataset_RFIs,special_characters,Special characters found,"(181, (0, 'Requirement'))","Thus, if supplier is requiring for some server component (3D converter for instance) a specific graphic card with a hardware OpenGL support, the required graphic card must be detailed. "
data/Final_dataset_RFIs.csv,Final_dataset_RFIs,special_characters,Special characters found,"(188, (0, 'Requirement'))","Supplier should detail recommended configuration (RAM, hard disk size, CPU frequency). "
data/Final_dataset_RFIs.csv,Final_dataset_RFIs,special_characters,Special characters found,"(191, (0, 'Requirement'))",Please detail recommended Client desktop recommended CPU (frequency). 
data/Final_dataset_RFIs.csv,Final_dataset_RFIs,special_characters,Special characters found,"(193, (0, 'Requirement'))","Please indicate minimum version for supported web navigator (Internet Explorer, Firefox etc...). "
data/Final_dataset_RFIs.csv,Final_dataset_RFIs,special_characters,Special characters found,"(198, (0, 'Requirement'))","Is solution is requiring no proprietary database, it should support Oracle, PostGres (preferably), possibly but not recommended SQL Server. "
data/Final_dataset_RFIs.csv,Final_dataset_RFIs,special_characters,Special characters found,"(212, (0, 'Requirement'))",ACME is currently virtualizing using VMWare ESX 5.1U1 (today or 5.1U3 (one year target).
data/Final_dataset_RFIs.csv,Final_dataset_RFIs,special_characters,Special characters found,"(219, (0, 'Requirement'))","At best, supplier solution should fully be compatible with a complete component combination (compatibility of J2EE applicative and database version with associated compatible operating system). "
data/Final_dataset_RFIs.csv,Final_dataset_RFIs,special_characters,Special characters found,"(228, (0, 'Requirement'))","Please detail if ENX authorized protocols are supported between client desktop and ACME ENX DMZ - HTTP/ HTTPS - SOAP with or without WS-Security - CFT (transactional file transfer protocol, concurrent technology with FTP) - MQ Series - ICA over HTTPS (Citrix emulation) - SQL Net Oracle (not recommended)"
data/Final_dataset_RFIs.csv,Final_dataset_RFIs,special_characters,Special characters found,"(230, (0, 'Requirement'))","Thus license protocols like FlexLM, NAS protocols like (CIFS or NFS) are not allowed. "
data/Final_dataset_RFIs.csv,Final_dataset_RFIs,special_characters,Special characters found,"(232, (0, 'Requirement'))",If URL access inside ACME Intranet is: http://myApplication.intran.ACME.com/MyRootFolder/MyPage.jsp 
data/Final_dataset_RFIs.csv,Final_dataset_RFIs,special_characters,Special characters found,"(233, (0, 'Requirement'))",The client Web access is using URL http://myENXDNS.ACME.enxo.org/MyENXPrefix/MyRootFolder/MyPage.jsp 
data/Final_dataset_RFIs.csv,Final_dataset_RFIs,special_characters,Special characters found,"(235, (0, 'Requirement'))",Rich client deployed on ENX Citrix farms have limited filtered access to ACME Intranet (only on fixed ports which must be known). 
data/Final_dataset_RFIs.csv,Final_dataset_RFIs,special_characters,Special characters found,"(236, (0, 'Requirement'))","Vendor should supply list of required ports to access to server components (HTTP, license port etc..., network file access protocols). "
data/Final_dataset_RFIs.csv,Final_dataset_RFIs,special_characters,Special characters found,"(243, (0, 'Requirement'))",Supplier should detail if solution vendor should support HTTPS/SSL with server and optional client X509 client certificate.
data/Final_dataset_RFIs.csv,Final_dataset_RFIs,special_characters,Special characters found,"(246, (0, 'Requirement'))","ACME business sizing data includes number of users, number of elementary information unit per business user documentation, actual size of information unit and documentation, location of user like Intranet France, decentralized engineering centers (Rumania, Korea etc...) "
data/Final_dataset_RFIs.csv,Final_dataset_RFIs,special_characters,Special characters found,"(247, (0, 'Requirement'))",Supplier should explain sizing rules based on business sizing data supplied by ACME (with further details if required by vendor). 
data/Final_dataset_RFIs.csv,Final_dataset_RFIs,special_characters,Special characters found,"(248, (0, 'Requirement'))","Supplier should detail architecture physical and logical diagram explaining for each machine type, installed components, network protocol flow (protocol, port number) between machines. "
data/Final_dataset_RFIs.csv,Final_dataset_RFIs,special_characters,Special characters found,"(263, (0, 'Requirement'))","In case of authenticated web services, solution vendor must indicate available authentication mechanism (basic authentication, server certificate, server and client certificate etc...). "
data/Final_dataset_RFIs.csv,Final_dataset_RFIs,special_characters,Special characters found,"(267, (0, 'Requirement'))",See http://www.axway.fr/produits- solutions/mft/a2a-mft/transfer-cft for further detail. 
data/Final_dataset_RFIs.csv,Final_dataset_RFIs,special_characters,Special characters found,"(269, (0, 'Requirement'))",CFT file transfer server is located in Intranet server and file exchanged with ACME intranet application can be accessed though nas type protocol (NFS or CIFS). 
data/Final_dataset_RFIs.csv,Final_dataset_RFIs,special_characters,Special characters found,"(274, (0, 'Requirement'))","Response time to access to stream data (video, 3D content) must be granted worldwide. "
data/Final_dataset_RFIs.csv,Final_dataset_RFIs,special_characters,Special characters found,"(275, (0, 'Requirement'))","If, to achieve this, solution may include stream replication mechanisms on several sites (ACME authoring sites like Roumania or India), the solution must be detailed. "
data/Final_dataset_RFIs.csv,Final_dataset_RFIs,special_characters,Special characters found,"(276, (0, 'Requirement'))","Solution element to specify: - when replication happened (on demand or pushed) - can it be filtered according to site location, content criteria or accessing user profile - in case of content criteria, nature of content criteria: attributes, location inside solution database organization, ACME applicability usage (ability to replicate only X95 documentation of diesel engine for instance). "
data/Final_dataset_RFIs.csv,Final_dataset_RFIs,special_characters,Special characters found,"(278, (0, 'Requirement'))",Solution vendor must grant compatibility with these technologies (CFT and MQ) and detail technical solution for both technology integration. 
data/Final_dataset_RFIs.csv,Final_dataset_RFIs,special_characters,Special characters found,"(280, (0, 'Requirement'))",Solution vendor must grant no response time downgrade caused by batch processing either internal (on the fly full text indexing) or external (exchange with other ACME IT systems).
data/Final_dataset_RFIs.csv,Final_dataset_RFIs,special_characters,Special characters found,"(281, (0, 'Requirement'))","Solution vendor must indicate recommended environments used in typical deployment (testing, development, production etc). "
data/Final_dataset_RFIs.csv,Final_dataset_RFIs,special_characters,Special characters found,"(283, (0, 'Requirement'))",Environment management must enable reduce or ideally hidden lengthy migration process (for instance migration processed in background in database separated from production activity with last minute database change) 
data/Final_dataset_RFIs.csv,Final_dataset_RFIs,special_characters,Special characters found,"(284, (0, 'Requirement'))",Solution vendor must indicate whether tools are available to import / export content or configuration between environments (for instance move configuration from testing to production environment). 
data/Final_dataset_RFIs.csv,Final_dataset_RFIs,special_characters,Special characters found,"(285, (0, 'Requirement'))","For each tool, solution vendor must specify, which data are imported or exported, level of filtering (all data, filtered data), format (XML based, file based, multi or single file), associated procedure. "
data/Final_dataset_RFIs.csv,Final_dataset_RFIs,special_characters,Special characters found,"(288, (0, 'Requirement'))","Please detail: data type to store (database, full text index, replicated stream if any, possible other data to store),  the order of backup granting a coherent backup, possible additional backup steps to grant integrity of backup."
data/Final_dataset_RFIs.csv,Final_dataset_RFIs,special_characters,Special characters found,"(290, (0, 'Requirement'))","Solution vendor must specify data to restore (database, full text index, replicated stream if any, possible other data to store), the order of restore granting a coherent recovery, possible additional backup steps to grant integrity of restore. "
data/Final_dataset_RFIs.csv,Final_dataset_RFIs,special_characters,Special characters found,"(301, (0, 'Requirement'))"," Please detail ITO level integration (SNMP, log with associated format, any other mechanism)"
data/Final_dataset_RFIs.csv,Final_dataset_RFIs,special_characters,Special characters found,"(302, (0, 'Requirement'))",Does the software have a management console and / or an administration console. 
data/Final_dataset_RFIs.csv,Final_dataset_RFIs,special_characters,Special characters found,"(304, (0, 'Requirement'))","Can the software package interface with market administration or supervision tools (HP / ITO, Nagios). "
data/Final_dataset_RFIs.csv,Final_dataset_RFIs,special_characters,Special characters found,"(305, (0, 'Requirement'))",Ability to check if software components are available (“applicative ping”). 
data/Final_dataset_RFIs.csv,Final_dataset_RFIs,special_characters,Special characters found,"(306, (0, 'Requirement'))","Please detail if vendor solution supplies monitoring activity indicators (number of active sessions, memory usage, etc...) "
data/Final_dataset_RFIs.csv,Final_dataset_RFIs,special_characters,Special characters found,"(309, (0, 'Requirement'))",Is software using standard technology (ex FlexLM) or proprietary technology? 
data/Final_dataset_RFIs.csv,Final_dataset_RFIs,special_characters,Special characters found,"(315, (0, 'Requirement'))",What is possible programming language(s) for customization Is single language used or language is depending on customized component. 
data/Final_dataset_RFIs.csv,Final_dataset_RFIs,special_characters,Special characters found,"(316, (0, 'Requirement'))",Please detail development tool usable by the client company (Identify parts running on a server and those running on a client) 
data/Final_dataset_RFIs.csv,Final_dataset_RFIs,special_characters,Special characters found,"(318, (0, 'Requirement'))",Describe mechanism to deploy new configuration / extension on server side. 
data/Final_dataset_RFIs.csv,Final_dataset_RFIs,special_characters,Special characters found,"(329, (0, 'Requirement'))","1 h down time per business day (Monday to Friday), 2 hours downtime during week-end day (Saturday and Sunday). "
data/Final_dataset_RFIs.csv,Final_dataset_RFIs,special_characters,Special characters found,"(333, (0, 'Requirement'))",Environment management critical data management Is testing or development environment containing critical data (data which loss or thief is causing major financial drawback to ACME)? 
data/Final_dataset_RFIs.csv,Final_dataset_RFIs,special_characters,Special characters found,"(340, (0, 'Requirement'))","ASP provider must detail escalation process (actors, tasks) and interaction with ACME during escalation process. "
data/Final_dataset_RFIs.csv,Final_dataset_RFIs,special_characters,Special characters found,"(346, (0, 'Requirement'))",Network latency must be minimal (< 30 ms per network packet). 
data/Final_dataset_RFIs.csv,Final_dataset_RFIs,special_characters,Special characters found,"(349, (0, 'Requirement'))","The purpose of the present Request For Information (RFI) is to obtain preliminary proposals from all those suppliers who may be interested in providing a Communications and Information Systems architectures development tool to support the Spanish Ministry of Defense, in accordance with the criteria provided in this document."
data/Final_dataset_RFIs.csv,Final_dataset_RFIs,special_characters,Special characters found,"(355, (0, 'Requirement'))","The Order DEF/2639/2015, of December 3rd, which establishes the Spanish Ministry of Defense Communications and Information Systems Policy (CIS Policy), includes in its article 7 the general guidelines by which the planning and the CIS resourcing, its control, organization, operation and maintenance, for the establishment and provision of the associated services, should be governed. "
data/Final_dataset_RFIs.csv,Final_dataset_RFIs,special_characters,Special characters found,"(357, (0, 'Requirement'))","In the article 7.3.a), the CIS Architectures to be developed are established and organized in the following hierachical way: 1st. "
data/Final_dataset_RFIs.csv,Final_dataset_RFIs,special_characters,Special characters found,"(358, (0, 'Requirement'))",Spanish Ministry of Defense Communications and Informations Systems Overarching Architecture (AG CIS/TIC); 
data/Final_dataset_RFIs.csv,Final_dataset_RFIs,special_characters,Special characters found,"(360, (0, 'Requirement'))","The Instruction 58/2016, of October 28th, of the Secretary of State for Defense, by which the Spanish Ministry of Defense Communications and Information Systems Overarching Architecture (AG CIS/TIC) is aproved, establishes the principles to develop the CIS Architecture."
data/Final_dataset_RFIs.csv,Final_dataset_RFIs,special_characters,Special characters found,"(365, (0, 'Requirement'))","On the other hand, the aforementioned AG CIS/TIC includes, among its derived actions, the following steps for its development as follows."
data/Final_dataset_RFIs.csv,Final_dataset_RFIs,special_characters,Special characters found,"(366, (0, 'Requirement'))","Enable the incremental and sequential development of the Reference and Target CIS Architectures of the Spanish Ministry of Defense, in accordance with what it is established in the AG CIS/TIC and with the operative priorities of the Armed Forces (FAS), guaranteeing full ingration of the CIS Capabilities of the Department in the interoperability policy framework that ensures the end-to-end service provision. "
data/Final_dataset_RFIs.csv,Final_dataset_RFIs,special_characters,Special characters found,"(367, (0, 'Requirement'))","Harmonize the process between the CIS Architecture development and the CIS resources and finance planning in the Defense Planning framework, ensuring the alignment of the CIS Capabilities with the Armed Forces (FAS) and the Department needs regarding the available financial resources."
data/Final_dataset_RFIs.csv,Final_dataset_RFIs,white_space,Leading or trailing white space found,"(0, (0, 'Requirement'))",The tool should be robust and ease of use.  (Takes little time to manage the tool). 
data/Final_dataset_RFIs.csv,Final_dataset_RFIs,white_space,Leading or trailing white space found,"(1, (0, 'Requirement'))",Generate document (process guide) from process diagrams in a customizable format.  
data/Final_dataset_RFIs.csv,Final_dataset_RFIs,white_space,Leading or trailing white space found,"(2, (0, 'Requirement'))","Both images and data
Standard process role names should be populated in a drop down menu to maintain name consistency across processes.  "
data/Final_dataset_RFIs.csv,Final_dataset_RFIs,white_space,Leading or trailing white space found,"(9, (0, 'Requirement'))",The software needs to be configurable to meet our needs. 
data/Final_dataset_RFIs.csv,Final_dataset_RFIs,white_space,Leading or trailing white space found,"(12, (0, 'Requirement'))",The tool should identify/keep track of relationships between processes so that consistency in process integration touch points can be maintained.  
data/Final_dataset_RFIs.csv,Final_dataset_RFIs,white_space,Leading or trailing white space found,"(14, (0, 'Requirement'))",The tool should provide a means of generating RACI charts. 
data/Final_dataset_RFIs.csv,Final_dataset_RFIs,white_space,Leading or trailing white space found,"(22, (0, 'Requirement'))",The tool should have the ability to create simulation processes and reports. 
data/Final_dataset_RFIs.csv,Final_dataset_RFIs,white_space,Leading or trailing white space found,"(32, (0, 'Requirement'))","The tool needs to support any naming or numbering formats
"
data/Final_dataset_RFIs.csv,Final_dataset_RFIs,white_space,Leading or trailing white space found,"(35, (0, 'Requirement'))","Looking at our current engineering practices, that are very much hardware component driven, we want to be more pro-active (up-front system design). "
data/Final_dataset_RFIs.csv,Final_dataset_RFIs,white_space,Leading or trailing white space found,"(38, (0, 'Requirement'))","In this RFI, the following fields of Systems Engineering expertise will be in focus: Stakeholder Requirements Management, Requirements Management, Systems Architecture and Design (MBSE), Requirements driven Verification and Validation. "
data/Final_dataset_RFIs.csv,Final_dataset_RFIs,white_space,Leading or trailing white space found,"(42, (0, 'Requirement'))",When describing our capabilities we have used a definition “work item”. 
data/Final_dataset_RFIs.csv,Final_dataset_RFIs,white_space,Leading or trailing white space found,"(43, (0, 'Requirement'))",A work item is a single unit or object in the tool that all can build up structures or contain structures. 
data/Final_dataset_RFIs.csv,Final_dataset_RFIs,white_space,Leading or trailing white space found,"(45, (0, 'Requirement'))",The ACME Group has initiated a project to evaluate Systems Engineering tool sets in order to make a proposal to replace the current scattered tool environment used within the ACME Group. 
data/Final_dataset_RFIs.csv,Final_dataset_RFIs,white_space,Leading or trailing white space found,"(46, (0, 'Requirement'))","The new tool set shall be used, in long term, as a global solution for the ACME Group. "
data/Final_dataset_RFIs.csv,Final_dataset_RFIs,white_space,Leading or trailing white space found,"(47, (0, 'Requirement'))",The ACME Group hereby invites your company to give a proposal on a Systems Engineering tool environment according to this RFI. 
data/Final_dataset_RFIs.csv,Final_dataset_RFIs,white_space,Leading or trailing white space found,"(49, (0, 'Requirement'))","In order to propose your System Engineering tool set and to participate in our evaluation, please respond to this RFI by January 15th - 2011 at 6 pm CET. "
data/Final_dataset_RFIs.csv,Final_dataset_RFIs,white_space,Leading or trailing white space found,"(50, (0, 'Requirement'))",You will then be informed whether or not you are invited to participate in following detailed evaluations. 
data/Final_dataset_RFIs.csv,Final_dataset_RFIs,white_space,Leading or trailing white space found,"(52, (0, 'Requirement'))",IT Purchasing is responsible for the commercial relations towards Suppliers. 
data/Final_dataset_RFIs.csv,Final_dataset_RFIs,white_space,Leading or trailing white space found,"(53, (0, 'Requirement'))",As such ACME Group Global IT Purchasing holds the Purchasing power and mandates for authorization to reach Commercial Agreements. 
data/Final_dataset_RFIs.csv,Final_dataset_RFIs,white_space,Leading or trailing white space found,"(55, (0, 'Requirement'))","A working group, with members from all Business Areas/Business Units involved, has been set up to investigate available solutions on the market and recommend a tool set for SE. "
data/Final_dataset_RFIs.csv,Final_dataset_RFIs,white_space,Leading or trailing white space found,"(57, (0, 'Requirement'))",IT Purchasing’s commission is to execute a Master/ Frame Agreement with one or more vendors and applications from their portfolios possible to use for The ACME Group. 
data/Final_dataset_RFIs.csv,Final_dataset_RFIs,white_space,Leading or trailing white space found,"(59, (0, 'Requirement'))",In this RFI document you will find necessary data and information. 
data/Final_dataset_RFIs.csv,Final_dataset_RFIs,white_space,Leading or trailing white space found,"(61, (0, 'Requirement'))",All information in this RFI is confidential as well as all documentation received by ACME Global IT Purchasing. 
data/Final_dataset_RFIs.csv,Final_dataset_RFIs,white_space,Leading or trailing white space found,"(62, (0, 'Requirement'))",This RFI will be distributed to a selection of potential suppliers. 
data/Final_dataset_RFIs.csv,Final_dataset_RFIs,white_space,Leading or trailing white space found,"(63, (0, 'Requirement'))","All RFI responses, received up to and including the Closing Date, will be considered valid. "
data/Final_dataset_RFIs.csv,Final_dataset_RFIs,white_space,Leading or trailing white space found,"(67, (0, 'Requirement'))","All RFI responses, once received, will become the property of ACME. "
data/Final_dataset_RFIs.csv,Final_dataset_RFIs,white_space,Leading or trailing white space found,"(68, (0, 'Requirement'))","The response shall be submitted in English, original to be sent by mail and a copy by e-mail. "
data/Final_dataset_RFIs.csv,Final_dataset_RFIs,white_space,Leading or trailing white space found,"(70, (0, 'Requirement'))","According to the RFI responses, questions can be raised by ACME. "
data/Final_dataset_RFIs.csv,Final_dataset_RFIs,white_space,Leading or trailing white space found,"(72, (0, 'Requirement'))",Receivers of this RFI are asked to confirm the receipt of this RFI by written acknowledgement no later than the date specified in Time Table. 
data/Final_dataset_RFIs.csv,Final_dataset_RFIs,white_space,Leading or trailing white space found,"(74, (0, 'Requirement'))",ACME shall not be held liable for any costs whatsoever incurred by the Supplier in order to prepare information relevant to the participation in this RFI. 
data/Final_dataset_RFIs.csv,Final_dataset_RFIs,white_space,Leading or trailing white space found,"(76, (0, 'Requirement'))","This RFI requires that all products and/or functionality expressed in the responses to this RFI, are generally available from the Supplier (or his subcontractors) for a period of at least six months. "
data/Final_dataset_RFIs.csv,Final_dataset_RFIs,white_space,Leading or trailing white space found,"(86, (0, 'Requirement'))",This project will not only look for a single vendor/tool solution. 
data/Final_dataset_RFIs.csv,Final_dataset_RFIs,white_space,Leading or trailing white space found,"(89, (0, 'Requirement'))","The executive summary, in Appendix A, shall serve ACME Information Technology with the key elements and unique features of the proposal and shall contain the following. "
data/Final_dataset_RFIs.csv,Final_dataset_RFIs,white_space,Leading or trailing white space found,"(91, (0, 'Requirement'))","The questionnaire, in Appendix B, contains sub sections to provide information about vendor company contacts, give a brief presentation of the company and the marketplace and to inform about available products and services. "
data/Final_dataset_RFIs.csv,Final_dataset_RFIs,white_space,Leading or trailing white space found,"(95, (0, 'Requirement'))",These recommendations are intended to enable the supplier to provide a deployable solution in ACME infrastructure. 
data/Final_dataset_RFIs.csv,Final_dataset_RFIs,white_space,Leading or trailing white space found,"(97, (0, 'Requirement'))",Particular attention will be given to the study of the responses providers by solution vendors. 
data/Final_dataset_RFIs.csv,Final_dataset_RFIs,white_space,Leading or trailing white space found,"(98, (0, 'Requirement'))",Any non-complete response shall be deemed not answered. 
data/Final_dataset_RFIs.csv,Final_dataset_RFIs,white_space,Leading or trailing white space found,"(99, (0, 'Requirement'))","If the provider has already implemented even partially components for ACME, response to RFI should not only reference documents related to this implementation. "
data/Final_dataset_RFIs.csv,Final_dataset_RFIs,white_space,Leading or trailing white space found,"(101, (0, 'Requirement'))",Supported hardware Server components must run on hardware supported by the ACME platform. 
data/Final_dataset_RFIs.csv,Final_dataset_RFIs,white_space,Leading or trailing white space found,"(102, (0, 'Requirement'))","Recommended platforms are Linux RedHat 6.5, Windows 2012 R2. "
data/Final_dataset_RFIs.csv,Final_dataset_RFIs,white_space,Leading or trailing white space found,"(103, (0, 'Requirement'))","Alternatives but not recommended are HP Itanium, Solaris 10 or Windows 7. "
data/Final_dataset_RFIs.csv,Final_dataset_RFIs,white_space,Leading or trailing white space found,"(106, (0, 'Requirement'))",ACME versions are: MySQL 5.5. 
data/Final_dataset_RFIs.csv,Final_dataset_RFIs,white_space,Leading or trailing white space found,"(107, (0, 'Requirement'))",Detail whether alternative versions are required. 
data/Final_dataset_RFIs.csv,Final_dataset_RFIs,white_space,Leading or trailing white space found,"(109, (0, 'Requirement'))",Recommended ACME versions are: Oracle Standard Edition 11gr2 or 10.2.0.4. 
data/Final_dataset_RFIs.csv,Final_dataset_RFIs,white_space,Leading or trailing white space found,"(110, (0, 'Requirement'))",Detail whether alternative versions are required. 
data/Final_dataset_RFIs.csv,Final_dataset_RFIs,white_space,Leading or trailing white space found,"(112, (0, 'Requirement'))","Supported SQL Server databases Recommended ACME versions are: SQL Server 2012, R2 Edition standard or Enterprise. "
data/Final_dataset_RFIs.csv,Final_dataset_RFIs,white_space,Leading or trailing white space found,"(113, (0, 'Requirement'))",Detail whether alternative versions are required. 
data/Final_dataset_RFIs.csv,Final_dataset_RFIs,white_space,Leading or trailing white space found,"(114, (0, 'Requirement'))","If the provider uses its own database technology, hardware requirements must be specified. "
data/Final_dataset_RFIs.csv,Final_dataset_RFIs,white_space,Leading or trailing white space found,"(115, (0, 'Requirement'))",It will run on the hardware platform supported at ACME. 
data/Final_dataset_RFIs.csv,Final_dataset_RFIs,white_space,Leading or trailing white space found,"(116, (0, 'Requirement'))",ACME runs VMWare 5.1U1 (today) or 5.1U3. 
data/Final_dataset_RFIs.csv,Final_dataset_RFIs,white_space,Leading or trailing white space found,"(117, (0, 'Requirement'))","For its emulation CITRIX, ACME uses XenApp 6 or 7.6 server running Windows 2008 R2 or Windows 2012 R2 to emulate Windows 7. "
data/Final_dataset_RFIs.csv,Final_dataset_RFIs,white_space,Leading or trailing white space found,"(118, (0, 'Requirement'))",The solution must ensure that it is possible to have multiple concurrent client instances with different users connected on the same Windows server. 
data/Final_dataset_RFIs.csv,Final_dataset_RFIs,white_space,Leading or trailing white space found,"(119, (0, 'Requirement'))","The provider must specify whether its fat clients are Citrix solution and the number of simultaneous sessions per core as possible, Citrix Citrix server supports. "
data/Final_dataset_RFIs.csv,Final_dataset_RFIs,white_space,Leading or trailing white space found,"(121, (0, 'Requirement'))","If the server components are running on an application server, detail the technology and components. "
data/Final_dataset_RFIs.csv,Final_dataset_RFIs,white_space,Leading or trailing white space found,"(122, (0, 'Requirement'))","The application platform is JBoss ACME running RedHat Linux 5.6, JBoss 6.2 or 6.3 running Linux 6.4 "
data/Final_dataset_RFIs.csv,Final_dataset_RFIs,white_space,Leading or trailing white space found,"(123, (0, 'Requirement'))","If an alternative technology is used, the provider must describe in detail. "
data/Final_dataset_RFIs.csv,Final_dataset_RFIs,white_space,Leading or trailing white space found,"(124, (0, 'Requirement'))","At best, the solution provider must be fully compatible with an authorized ACME combination of J2EE application server, database and the associated operating system. Ex: Server J2EE JBoss5.1 under REDHAT 5.6 with MSQL data base in REDHAT 5.1 5.6 "
data/Final_dataset_RFIs.csv,Final_dataset_RFIs,white_space,Leading or trailing white space found,"(125, (0, 'Requirement'))",At least the solution provider must be installed on one proposed by ACME operating systems. 
data/Final_dataset_RFIs.csv,Final_dataset_RFIs,white_space,Leading or trailing white space found,"(126, (0, 'Requirement'))",These operating systems have been optimized to meet the security requirements for access DMZ. 
data/Final_dataset_RFIs.csv,Final_dataset_RFIs,white_space,Leading or trailing white space found,"(127, (0, 'Requirement'))","If compatibility is limited to that of the operating system, the solution provider will be considered ""black box"" Maintaining J2EE components of the solution should be provided by the supplier. "
data/Final_dataset_RFIs.csv,Final_dataset_RFIs,white_space,Leading or trailing white space found,"(129, (0, 'Requirement'))",ACME recommends a Windows 7 64-bit platform. 
data/Final_dataset_RFIs.csv,Final_dataset_RFIs,white_space,Leading or trailing white space found,"(130, (0, 'Requirement'))",The version number may change when the project is deployed. 
data/Final_dataset_RFIs.csv,Final_dataset_RFIs,white_space,Leading or trailing white space found,"(131, (0, 'Requirement'))","The supplier must detail the recommended configuration (RAM, hard drive size, processor speed). "
data/Final_dataset_RFIs.csv,Final_dataset_RFIs,white_space,Leading or trailing white space found,"(132, (0, 'Requirement'))",The solution will run on ACME extensions called ACE 1 and ACE 3D with Windows Seven. 
data/Final_dataset_RFIs.csv,Final_dataset_RFIs,white_space,Leading or trailing white space found,"(133, (0, 'Requirement'))",These positions are based on 64-bit Windows 7 and Office 2010 pack 
data/Final_dataset_RFIs.csv,Final_dataset_RFIs,white_space,Leading or trailing white space found,"(134, (0, 'Requirement'))","In case of asynchronous messaging with ACME application, the solution should be able to send or receive messages MQ Series. "
data/Final_dataset_RFIs.csv,Final_dataset_RFIs,white_space,Leading or trailing white space found,"(137, (0, 'Requirement'))",Summon a secure Web Service 
data/Final_dataset_RFIs.csv,Final_dataset_RFIs,white_space,Leading or trailing white space found,"(138, (0, 'Requirement'))",The solution should be able to call a Web service protected by a certificate of authentication client or basic authentication. 
data/Final_dataset_RFIs.csv,Final_dataset_RFIs,white_space,Leading or trailing white space found,"(143, (0, 'Requirement'))","Securing Web services provided The Solution Provider shall indicate whether the Web services provided can be authenticated signed, encrypted. "
data/Final_dataset_RFIs.csv,Final_dataset_RFIs,white_space,Leading or trailing white space found,"(144, (0, 'Requirement'))","For authentication to the web service, the provider must indicate the authentication mechanisms available (basic authentication, user of a server certificate, joint use of a server certificate and a client certificate etc). "
data/Final_dataset_RFIs.csv,Final_dataset_RFIs,white_space,Leading or trailing white space found,"(146, (0, 'Requirement'))",The Solution Provider must support the Axway CFT solution. 
data/Final_dataset_RFIs.csv,Final_dataset_RFIs,white_space,Leading or trailing white space found,"(155, (0, 'Requirement'))","The provider must specify the data to be stored (databases, full text indexing, RSS replicated if more data to be stored), the order of safeguards to ensure a consistent backup, possible additional backup steps to ensure the entire backup. "
data/Final_dataset_RFIs.csv,Final_dataset_RFIs,white_space,Leading or trailing white space found,"(156, (0, 'Requirement'))",The provider must specify whether the backup can be performed while the application is stopped. 
data/Final_dataset_RFIs.csv,Final_dataset_RFIs,white_space,Leading or trailing white space found,"(158, (0, 'Requirement'))","In case of a major outage, an event should be traced. "
data/Final_dataset_RFIs.csv,Final_dataset_RFIs,white_space,Leading or trailing white space found,"(161, (0, 'Requirement'))","The log should be stored in an easily identifiable and parseable format .Optionally, the format should be configurable. "
data/Final_dataset_RFIs.csv,Final_dataset_RFIs,white_space,Leading or trailing white space found,"(163, (0, 'Requirement'))","In the best case, the supplier uses SNMP to send an alert and provide access to indicators on the activity of the components. "
data/Final_dataset_RFIs.csv,Final_dataset_RFIs,white_space,Leading or trailing white space found,"(164, (0, 'Requirement'))","At a minimum, key alerts on the availability of the solution are written to a log file in a readily parsable format. "
data/Final_dataset_RFIs.csv,Final_dataset_RFIs,white_space,Leading or trailing white space found,"(166, (0, 'Requirement'))",The provider must specify indicators reassembled by its monitoring tools. 
data/Final_dataset_RFIs.csv,Final_dataset_RFIs,white_space,Leading or trailing white space found,"(167, (0, 'Requirement'))",Does the application has a management console and / or administration? 
data/Final_dataset_RFIs.csv,Final_dataset_RFIs,white_space,Leading or trailing white space found,"(169, (0, 'Requirement'))",Does the application uses a license server for these server components? 
data/Final_dataset_RFIs.csv,Final_dataset_RFIs,white_space,Leading or trailing white space found,"(170, (0, 'Requirement'))",Does the software uses a standard technology (eg FlexLM) or a proprietary technology?? 
data/Final_dataset_RFIs.csv,Final_dataset_RFIs,white_space,Leading or trailing white space found,"(173, (0, 'Requirement'))",Supplier must indicate if tools are available to import / export content or configuration between environments (eg change the configuration to test production environments). 
data/Final_dataset_RFIs.csv,Final_dataset_RFIs,white_space,Leading or trailing white space found,"(175, (0, 'Requirement'))",Server component should run on ACME hardware supported platform. 
data/Final_dataset_RFIs.csv,Final_dataset_RFIs,white_space,Leading or trailing white space found,"(176, (0, 'Requirement'))",ACME recommended platform are RedHat Linux 6.5 (preferably) or Windows 2012 R2. 
data/Final_dataset_RFIs.csv,Final_dataset_RFIs,white_space,Leading or trailing white space found,"(177, (0, 'Requirement'))",Alternative but not recommended hardware are Solaris 10 or HP Itanium or Windows 7. 
data/Final_dataset_RFIs.csv,Final_dataset_RFIs,white_space,Leading or trailing white space found,"(178, (0, 'Requirement'))",Supplier must detail supported hardware platform per component. 
data/Final_dataset_RFIs.csv,Final_dataset_RFIs,white_space,Leading or trailing white space found,"(179, (0, 'Requirement'))",Server graphical card requirements. 
data/Final_dataset_RFIs.csv,Final_dataset_RFIs,white_space,Leading or trailing white space found,"(180, (0, 'Requirement'))","ACME is using blade installation in its datacenter, thus Windows 2008 or 7 server with no graphic card, Open GL being supported by Software emulation. "
data/Final_dataset_RFIs.csv,Final_dataset_RFIs,white_space,Leading or trailing white space found,"(181, (0, 'Requirement'))","Thus, if supplier is requiring for some server component (3D converter for instance) a specific graphic card with a hardware OpenGL support, the required graphic card must be detailed. "
data/Final_dataset_RFIs.csv,Final_dataset_RFIs,white_space,Leading or trailing white space found,"(182, (0, 'Requirement'))",ACME strongly encourage vendor to get rid of this hardware requirement. 
data/Final_dataset_RFIs.csv,Final_dataset_RFIs,white_space,Leading or trailing white space found,"(183, (0, 'Requirement'))",Client hardware support for ACME Intranet Access. 
data/Final_dataset_RFIs.csv,Final_dataset_RFIs,white_space,Leading or trailing white space found,"(184, (0, 'Requirement'))",Clients component should run on ACME hardware supported platform. 
data/Final_dataset_RFIs.csv,Final_dataset_RFIs,white_space,Leading or trailing white space found,"(185, (0, 'Requirement'))",ACME recommended platform are Windows 7 64 bits version. 
data/Final_dataset_RFIs.csv,Final_dataset_RFIs,white_space,Leading or trailing white space found,"(186, (0, 'Requirement'))",Current supported version is XX. 
data/Final_dataset_RFIs.csv,Final_dataset_RFIs,white_space,Leading or trailing white space found,"(187, (0, 'Requirement'))",Version number may evolve when project will be deployed. 
data/Final_dataset_RFIs.csv,Final_dataset_RFIs,white_space,Leading or trailing white space found,"(188, (0, 'Requirement'))","Supplier should detail recommended configuration (RAM, hard disk size, CPU frequency). "
data/Final_dataset_RFIs.csv,Final_dataset_RFIs,white_space,Leading or trailing white space found,"(191, (0, 'Requirement'))",Please detail recommended Client desktop recommended CPU (frequency). 
data/Final_dataset_RFIs.csv,Final_dataset_RFIs,white_space,Leading or trailing white space found,"(192, (0, 'Requirement'))","In case of ACME Intranet Web access, ACME Intranet user will run on Internet Explorer 11.0. "
data/Final_dataset_RFIs.csv,Final_dataset_RFIs,white_space,Leading or trailing white space found,"(193, (0, 'Requirement'))","Please indicate minimum version for supported web navigator (Internet Explorer, Firefox etc...). "
data/Final_dataset_RFIs.csv,Final_dataset_RFIs,white_space,Leading or trailing white space found,"(194, (0, 'Requirement'))",List of additional software to be installed on the client workstation. 
data/Final_dataset_RFIs.csv,Final_dataset_RFIs,white_space,Leading or trailing white space found,"(195, (0, 'Requirement'))","For each additional software, detail version number. "
data/Final_dataset_RFIs.csv,Final_dataset_RFIs,white_space,Leading or trailing white space found,"(196, (0, 'Requirement'))","For instance, Java Runtime environment, MSXML. "
data/Final_dataset_RFIs.csv,Final_dataset_RFIs,white_space,Leading or trailing white space found,"(197, (0, 'Requirement'))",dotNet may be included in such additional software. 
data/Final_dataset_RFIs.csv,Final_dataset_RFIs,white_space,Leading or trailing white space found,"(198, (0, 'Requirement'))","Is solution is requiring no proprietary database, it should support Oracle, PostGres (preferably), possibly but not recommended SQL Server. "
data/Final_dataset_RFIs.csv,Final_dataset_RFIs,white_space,Leading or trailing white space found,"(199, (0, 'Requirement'))",Recommended version at ACME are: Oracle 11.1.0.7.0 or 10.2.0.4. 
data/Final_dataset_RFIs.csv,Final_dataset_RFIs,white_space,Leading or trailing white space found,"(200, (0, 'Requirement'))",Supplier should detail supported database technology. 
data/Final_dataset_RFIs.csv,Final_dataset_RFIs,white_space,Leading or trailing white space found,"(201, (0, 'Requirement'))",Recommended version at ACME are: MySQL 5.5. 
data/Final_dataset_RFIs.csv,Final_dataset_RFIs,white_space,Leading or trailing white space found,"(202, (0, 'Requirement'))",Please detail if alternative versions are required. 
data/Final_dataset_RFIs.csv,Final_dataset_RFIs,white_space,Leading or trailing white space found,"(203, (0, 'Requirement'))",MySQL will run on RedHatLinux 6.x. 
data/Final_dataset_RFIs.csv,Final_dataset_RFIs,white_space,Leading or trailing white space found,"(204, (0, 'Requirement'))",Recommended version at ACME are: Oracle standard edition 11.1.0.7.0 or 10.2.0.4. 
data/Final_dataset_RFIs.csv,Final_dataset_RFIs,white_space,Leading or trailing white space found,"(205, (0, 'Requirement'))",Please detail if alternative versions are required. 
data/Final_dataset_RFIs.csv,Final_dataset_RFIs,white_space,Leading or trailing white space found,"(206, (0, 'Requirement'))",MySQL will run on RedHat Linux 6.x. 
data/Final_dataset_RFIs.csv,Final_dataset_RFIs,white_space,Leading or trailing white space found,"(207, (0, 'Requirement'))",Recommended version at ACME are: SQL Server 2012 standard Edition R2. 
data/Final_dataset_RFIs.csv,Final_dataset_RFIs,white_space,Leading or trailing white space found,"(208, (0, 'Requirement'))",Please detail if alternative versions are required. 
data/Final_dataset_RFIs.csv,Final_dataset_RFIs,white_space,Leading or trailing white space found,"(209, (0, 'Requirement'))","If supplier is using its own database technology, detail hardware requirements. "
data/Final_dataset_RFIs.csv,Final_dataset_RFIs,white_space,Leading or trailing white space found,"(210, (0, 'Requirement'))",It should run on supported ACME Hardware platform. 
data/Final_dataset_RFIs.csv,Final_dataset_RFIs,white_space,Leading or trailing white space found,"(211, (0, 'Requirement'))","If server components can be virtualized, please detail. "
data/Final_dataset_RFIs.csv,Final_dataset_RFIs,white_space,Leading or trailing white space found,"(213, (0, 'Requirement'))",Thick clients’ component may be installed on Citrix infrastructure for ACME partner access. 
data/Final_dataset_RFIs.csv,Final_dataset_RFIs,white_space,Leading or trailing white space found,"(215, (0, 'Requirement'))",The supplier must ensure if it is possible to have multiple simultaneous client instances with different users running on the same Windows servers. 
data/Final_dataset_RFIs.csv,Final_dataset_RFIs,white_space,Leading or trailing white space found,"(216, (0, 'Requirement'))","If server component is running on an applicative server, detail technology and component. "
data/Final_dataset_RFIs.csv,Final_dataset_RFIs,white_space,Leading or trailing white space found,"(217, (0, 'Requirement'))",ACME applicative supported platform are Jboss 5.1 running under RedHat Linux 5.6. 
data/Final_dataset_RFIs.csv,Final_dataset_RFIs,white_space,Leading or trailing white space found,"(218, (0, 'Requirement'))","If alternative technology is used, supplier should detail. "
data/Final_dataset_RFIs.csv,Final_dataset_RFIs,white_space,Leading or trailing white space found,"(219, (0, 'Requirement'))","At best, supplier solution should fully be compatible with a complete component combination (compatibility of J2EE applicative and database version with associated compatible operating system). "
data/Final_dataset_RFIs.csv,Final_dataset_RFIs,white_space,Leading or trailing white space found,"(220, (0, 'Requirement'))","At least, supplier solution should be installable on one of ACME proposed Operating Systems. "
data/Final_dataset_RFIs.csv,Final_dataset_RFIs,white_space,Leading or trailing white space found,"(222, (0, 'Requirement'))","In case of operating system only compatibility, supplier solution will be considered as “black box”; the maintenance of underlying “standard component” as J2EE server should be granted by supplier. "
data/Final_dataset_RFIs.csv,Final_dataset_RFIs,white_space,Leading or trailing white space found,"(225, (0, 'Requirement'))",Please detail if Vendor solution could be accessible from ENX network 
data/Final_dataset_RFIs.csv,Final_dataset_RFIs,white_space,Leading or trailing white space found,"(226, (0, 'Requirement'))",Intranet user authentication from solution deployed inside ACME. 
data/Final_dataset_RFIs.csv,Final_dataset_RFIs,white_space,Leading or trailing white space found,"(229, (0, 'Requirement'))","By default, no other protocols are allowed. "
data/Final_dataset_RFIs.csv,Final_dataset_RFIs,white_space,Leading or trailing white space found,"(230, (0, 'Requirement'))","Thus license protocols like FlexLM, NAS protocols like (CIFS or NFS) are not allowed. "
data/Final_dataset_RFIs.csv,Final_dataset_RFIs,white_space,Leading or trailing white space found,"(231, (0, 'Requirement'))","ENX Web URL rewriting is supported In case of web access, the reverse proxy at ENX DMZ is rewriting application URL. "
data/Final_dataset_RFIs.csv,Final_dataset_RFIs,white_space,Leading or trailing white space found,"(232, (0, 'Requirement'))",If URL access inside ACME Intranet is: http://myApplication.intran.ACME.com/MyRootFolder/MyPage.jsp 
data/Final_dataset_RFIs.csv,Final_dataset_RFIs,white_space,Leading or trailing white space found,"(233, (0, 'Requirement'))",The client Web access is using URL http://myENXDNS.ACME.enxo.org/MyENXPrefix/MyRootFolder/MyPage.jsp 
data/Final_dataset_RFIs.csv,Final_dataset_RFIs,white_space,Leading or trailing white space found,"(234, (0, 'Requirement'))",Please detail filtered ENX Citrix Access rules 
data/Final_dataset_RFIs.csv,Final_dataset_RFIs,white_space,Leading or trailing white space found,"(235, (0, 'Requirement'))",Rich client deployed on ENX Citrix farms have limited filtered access to ACME Intranet (only on fixed ports which must be known). 
data/Final_dataset_RFIs.csv,Final_dataset_RFIs,white_space,Leading or trailing white space found,"(236, (0, 'Requirement'))","Vendor should supply list of required ports to access to server components (HTTP, license port etc..., network file access protocols). "
data/Final_dataset_RFIs.csv,Final_dataset_RFIs,white_space,Leading or trailing white space found,"(237, (0, 'Requirement'))","In case of dynamic or not fixed range port, vendor must specify. "
data/Final_dataset_RFIs.csv,Final_dataset_RFIs,white_space,Leading or trailing white space found,"(238, (0, 'Requirement'))","By default, Citrix farm have no access to NFS or CIFS file storage. "
data/Final_dataset_RFIs.csv,Final_dataset_RFIs,white_space,Leading or trailing white space found,"(239, (0, 'Requirement'))",Detail if ciphering transport network protocol is supported. 
data/Final_dataset_RFIs.csv,Final_dataset_RFIs,white_space,Leading or trailing white space found,"(240, (0, 'Requirement'))",Solution vendor should support ciphering of network protocol exchange between client and server component. 
data/Final_dataset_RFIs.csv,Final_dataset_RFIs,white_space,Leading or trailing white space found,"(241, (0, 'Requirement'))",Security mechanisms provided by solution must handle strong encryption using client certificate installed on client desktop. 
data/Final_dataset_RFIs.csv,Final_dataset_RFIs,white_space,Leading or trailing white space found,"(242, (0, 'Requirement'))",Detail ciphering transport network protocol support for HTTP protocol case. 
data/Final_dataset_RFIs.csv,Final_dataset_RFIs,white_space,Leading or trailing white space found,"(244, (0, 'Requirement'))",Solution vendor should supply sizing requirements for the solutions based on business sizing data supplied by ACME. 
data/Final_dataset_RFIs.csv,Final_dataset_RFIs,white_space,Leading or trailing white space found,"(245, (0, 'Requirement'))","If further business data are required, solution vendor should request. "
data/Final_dataset_RFIs.csv,Final_dataset_RFIs,white_space,Leading or trailing white space found,"(246, (0, 'Requirement'))","ACME business sizing data includes number of users, number of elementary information unit per business user documentation, actual size of information unit and documentation, location of user like Intranet France, decentralized engineering centers (Rumania, Korea etc...) "
data/Final_dataset_RFIs.csv,Final_dataset_RFIs,white_space,Leading or trailing white space found,"(247, (0, 'Requirement'))",Supplier should explain sizing rules based on business sizing data supplied by ACME (with further details if required by vendor). 
data/Final_dataset_RFIs.csv,Final_dataset_RFIs,white_space,Leading or trailing white space found,"(248, (0, 'Requirement'))","Supplier should detail architecture physical and logical diagram explaining for each machine type, installed components, network protocol flow (protocol, port number) between machines. "
data/Final_dataset_RFIs.csv,Final_dataset_RFIs,white_space,Leading or trailing white space found,"(249, (0, 'Requirement'))","In case of alternative solutions, software vendor should detail sizing for every solution. "
data/Final_dataset_RFIs.csv,Final_dataset_RFIs,white_space,Leading or trailing white space found,"(250, (0, 'Requirement'))","For instance, if Oracle or MySQL are candidate database server. "
data/Final_dataset_RFIs.csv,Final_dataset_RFIs,white_space,Leading or trailing white space found,"(251, (0, 'Requirement'))",Sizing for each database serve should be supplied. 
data/Final_dataset_RFIs.csv,Final_dataset_RFIs,white_space,Leading or trailing white space found,"(253, (0, 'Requirement'))",Please detail if solution is able to send or receive MQ Series Message. 
data/Final_dataset_RFIs.csv,Final_dataset_RFIs,white_space,Leading or trailing white space found,"(254, (0, 'Requirement'))",ACME supported version is 7.0. 
data/Final_dataset_RFIs.csv,Final_dataset_RFIs,white_space,Leading or trailing white space found,"(255, (0, 'Requirement'))",Please detail if solution can call Web Service being described by a WSDL file delivered by ACME. 
data/Final_dataset_RFIs.csv,Final_dataset_RFIs,white_space,Leading or trailing white space found,"(256, (0, 'Requirement'))",Please detail if solution can call Web Service using Client Certificate Authentication or basic authentication used separately or mixed. 
data/Final_dataset_RFIs.csv,Final_dataset_RFIs,white_space,Leading or trailing white space found,"(257, (0, 'Requirement'))",Client certificate may be supplied by ACME owned public Key infrastructure. 
data/Final_dataset_RFIs.csv,Final_dataset_RFIs,white_space,Leading or trailing white space found,"(258, (0, 'Requirement'))",Please detail if solution can use WS-Security protocol to cipher and sign Web service message. 
data/Final_dataset_RFIs.csv,Final_dataset_RFIs,white_space,Leading or trailing white space found,"(259, (0, 'Requirement'))","If solution is providing web service access, available Web services must be described. "
data/Final_dataset_RFIs.csv,Final_dataset_RFIs,white_space,Leading or trailing white space found,"(260, (0, 'Requirement'))","If solution is proving REST access, available REST services must be described. "
data/Final_dataset_RFIs.csv,Final_dataset_RFIs,white_space,Leading or trailing white space found,"(261, (0, 'Requirement'))",Solution vendor must indicate if supplied Web service have WSDL description. 
data/Final_dataset_RFIs.csv,Final_dataset_RFIs,white_space,Leading or trailing white space found,"(262, (0, 'Requirement'))","Solution vendor must indicate if supplier Web services can be authenticated, signed, ciphered. "
data/Final_dataset_RFIs.csv,Final_dataset_RFIs,white_space,Leading or trailing white space found,"(263, (0, 'Requirement'))","In case of authenticated web services, solution vendor must indicate available authentication mechanism (basic authentication, server certificate, server and client certificate etc...). "
data/Final_dataset_RFIs.csv,Final_dataset_RFIs,white_space,Leading or trailing white space found,"(264, (0, 'Requirement'))","In case of ciphered or signed web service messages, solution vendor must indicate available ciphering mechanism, notably WS-Security support. "
data/Final_dataset_RFIs.csv,Final_dataset_RFIs,white_space,Leading or trailing white space found,"(265, (0, 'Requirement'))",File transfer with ACME Intranet applications. 
data/Final_dataset_RFIs.csv,Final_dataset_RFIs,white_space,Leading or trailing white space found,"(266, (0, 'Requirement'))",Please detail if solution vendor support CFT axway solution. 
data/Final_dataset_RFIs.csv,Final_dataset_RFIs,white_space,Leading or trailing white space found,"(267, (0, 'Requirement'))",See http://www.axway.fr/produits- solutions/mft/a2a-mft/transfer-cft for further detail. 
data/Final_dataset_RFIs.csv,Final_dataset_RFIs,white_space,Leading or trailing white space found,"(268, (0, 'Requirement'))",Batch processing in environment deployed inside ACME Intranet. 
data/Final_dataset_RFIs.csv,Final_dataset_RFIs,white_space,Leading or trailing white space found,"(269, (0, 'Requirement'))",CFT file transfer server is located in Intranet server and file exchanged with ACME intranet application can be accessed though nas type protocol (NFS or CIFS). 
data/Final_dataset_RFIs.csv,Final_dataset_RFIs,white_space,Leading or trailing white space found,"(273, (0, 'Requirement'))","Filer crash: database content, full text index file, Stream replication. "
data/Final_dataset_RFIs.csv,Final_dataset_RFIs,white_space,Leading or trailing white space found,"(274, (0, 'Requirement'))","Response time to access to stream data (video, 3D content) must be granted worldwide. "
data/Final_dataset_RFIs.csv,Final_dataset_RFIs,white_space,Leading or trailing white space found,"(275, (0, 'Requirement'))","If, to achieve this, solution may include stream replication mechanisms on several sites (ACME authoring sites like Roumania or India), the solution must be detailed. "
data/Final_dataset_RFIs.csv,Final_dataset_RFIs,white_space,Leading or trailing white space found,"(276, (0, 'Requirement'))","Solution element to specify: - when replication happened (on demand or pushed) - can it be filtered according to site location, content criteria or accessing user profile - in case of content criteria, nature of content criteria: attributes, location inside solution database organization, ACME applicability usage (ability to replicate only X95 documentation of diesel engine for instance). "
data/Final_dataset_RFIs.csv,Final_dataset_RFIs,white_space,Leading or trailing white space found,"(277, (0, 'Requirement'))",Data pushed or pulled asynchronously from ACME IT systems will be exchanged by CFT transfer or MQ messages. 
data/Final_dataset_RFIs.csv,Final_dataset_RFIs,white_space,Leading or trailing white space found,"(278, (0, 'Requirement'))",Solution vendor must grant compatibility with these technologies (CFT and MQ) and detail technical solution for both technology integration. 
data/Final_dataset_RFIs.csv,Final_dataset_RFIs,white_space,Leading or trailing white space found,"(279, (0, 'Requirement'))",No impact on real access response time of batch processing. 
data/Final_dataset_RFIs.csv,Final_dataset_RFIs,white_space,Leading or trailing white space found,"(281, (0, 'Requirement'))","Solution vendor must indicate recommended environments used in typical deployment (testing, development, production etc). "
data/Final_dataset_RFIs.csv,Final_dataset_RFIs,white_space,Leading or trailing white space found,"(282, (0, 'Requirement'))","For each environment, solution vendor must indicate recommended architecture compared to production environment, simplification brought by dedicated usage of environment. "
data/Final_dataset_RFIs.csv,Final_dataset_RFIs,white_space,Leading or trailing white space found,"(283, (0, 'Requirement'))",Environment management must enable reduce or ideally hidden lengthy migration process (for instance migration processed in background in database separated from production activity with last minute database change) 
data/Final_dataset_RFIs.csv,Final_dataset_RFIs,white_space,Leading or trailing white space found,"(284, (0, 'Requirement'))",Solution vendor must indicate whether tools are available to import / export content or configuration between environments (for instance move configuration from testing to production environment). 
data/Final_dataset_RFIs.csv,Final_dataset_RFIs,white_space,Leading or trailing white space found,"(285, (0, 'Requirement'))","For each tool, solution vendor must specify, which data are imported or exported, level of filtering (all data, filtered data), format (XML based, file based, multi or single file), associated procedure. "
data/Final_dataset_RFIs.csv,Final_dataset_RFIs,white_space,Leading or trailing white space found,"(286, (0, 'Requirement'))",Solution vendor must detail whether integrity and repair utility tools are available and offered functionalities. 
data/Final_dataset_RFIs.csv,Final_dataset_RFIs,white_space,Leading or trailing white space found,"(287, (0, 'Requirement'))",Please detail if solution vendor provides command line to start and stop individual components. 
data/Final_dataset_RFIs.csv,Final_dataset_RFIs,white_space,Leading or trailing white space found,"(290, (0, 'Requirement'))","Solution vendor must specify data to restore (database, full text index, replicated stream if any, possible other data to store), the order of restore granting a coherent recovery, possible additional backup steps to grant integrity of restore. "
data/Final_dataset_RFIs.csv,Final_dataset_RFIs,white_space,Leading or trailing white space found,"(291, (0, 'Requirement'))",Please detail if restore procedure can be performed while vendor solution is stopped. 
data/Final_dataset_RFIs.csv,Final_dataset_RFIs,white_space,Leading or trailing white space found,"(292, (0, 'Requirement'))","In case of any event causing major threats for availability of solution, please detail if an event is emitted. "
data/Final_dataset_RFIs.csv,Final_dataset_RFIs,white_space,Leading or trailing white space found,"(293, (0, 'Requirement'))","Please detail if at least, a log is written in easily identifiable location. "
data/Final_dataset_RFIs.csv,Final_dataset_RFIs,white_space,Leading or trailing white space found,"(294, (0, 'Requirement'))","In case of use of windows server technology, please detail if Windows event used. "
data/Final_dataset_RFIs.csv,Final_dataset_RFIs,white_space,Leading or trailing white space found,"(295, (0, 'Requirement'))",Please detail if Log file are stored in easily identifiable location and use parsable and possibly configurable format. 
data/Final_dataset_RFIs.csv,Final_dataset_RFIs,white_space,Leading or trailing white space found,"(296, (0, 'Requirement'))",Please detail if log management is uniformed between different components. 
data/Final_dataset_RFIs.csv,Final_dataset_RFIs,white_space,Leading or trailing white space found,"(297, (0, 'Requirement'))","In case of use of windows server technology, are log written to windows event system? "
data/Final_dataset_RFIs.csv,Final_dataset_RFIs,white_space,Leading or trailing white space found,"(298, (0, 'Requirement'))","At best, solution provider use SNMP protocol to send alert and give access to indicators about activity of solution components. "
data/Final_dataset_RFIs.csv,Final_dataset_RFIs,white_space,Leading or trailing white space found,"(299, (0, 'Requirement'))","At minimum, every major threats for solution availability is generating log message with easily parse able format. "
data/Final_dataset_RFIs.csv,Final_dataset_RFIs,white_space,Leading or trailing white space found,"(300, (0, 'Requirement'))","The log format must contain: level of critical of message, identifier of message, text of message "
data/Final_dataset_RFIs.csv,Final_dataset_RFIs,white_space,Leading or trailing white space found,"(301, (0, 'Requirement'))"," Please detail ITO level integration (SNMP, log with associated format, any other mechanism)"
data/Final_dataset_RFIs.csv,Final_dataset_RFIs,white_space,Leading or trailing white space found,"(302, (0, 'Requirement'))",Does the software have a management console and / or an administration console. 
data/Final_dataset_RFIs.csv,Final_dataset_RFIs,white_space,Leading or trailing white space found,"(303, (0, 'Requirement'))",Supervision console integration with market tool. 
data/Final_dataset_RFIs.csv,Final_dataset_RFIs,white_space,Leading or trailing white space found,"(304, (0, 'Requirement'))","Can the software package interface with market administration or supervision tools (HP / ITO, Nagios). "
data/Final_dataset_RFIs.csv,Final_dataset_RFIs,white_space,Leading or trailing white space found,"(305, (0, 'Requirement'))",Ability to check if software components are available (“applicative ping”). 
data/Final_dataset_RFIs.csv,Final_dataset_RFIs,white_space,Leading or trailing white space found,"(306, (0, 'Requirement'))","Please detail if vendor solution supplies monitoring activity indicators (number of active sessions, memory usage, etc...) "
data/Final_dataset_RFIs.csv,Final_dataset_RFIs,white_space,Leading or trailing white space found,"(307, (0, 'Requirement'))",Is software using license server for client component License server component. 
data/Final_dataset_RFIs.csv,Final_dataset_RFIs,white_space,Leading or trailing white space found,"(308, (0, 'Requirement'))",Is software using license server for server component License server technology. 
data/Final_dataset_RFIs.csv,Final_dataset_RFIs,white_space,Leading or trailing white space found,"(309, (0, 'Requirement'))",Is software using standard technology (ex FlexLM) or proprietary technology? 
data/Final_dataset_RFIs.csv,Final_dataset_RFIs,white_space,Leading or trailing white space found,"(310, (0, 'Requirement'))",Is batch processing managed with a internal scheduler or can it use an external scheduler like Autosys scheduler. 
data/Final_dataset_RFIs.csv,Final_dataset_RFIs,white_space,Leading or trailing white space found,"(311, (0, 'Requirement'))",Solution Windows background processes. 
data/Final_dataset_RFIs.csv,Final_dataset_RFIs,white_space,Leading or trailing white space found,"(312, (0, 'Requirement'))",Are server component deployed on Windows server technology using window services? 
data/Final_dataset_RFIs.csv,Final_dataset_RFIs,white_space,Leading or trailing white space found,"(313, (0, 'Requirement'))",System password protection. 
data/Final_dataset_RFIs.csv,Final_dataset_RFIs,white_space,Leading or trailing white space found,"(315, (0, 'Requirement'))",What is possible programming language(s) for customization Is single language used or language is depending on customized component. 
data/Final_dataset_RFIs.csv,Final_dataset_RFIs,white_space,Leading or trailing white space found,"(316, (0, 'Requirement'))",Please detail development tool usable by the client company (Identify parts running on a server and those running on a client) 
data/Final_dataset_RFIs.csv,Final_dataset_RFIs,white_space,Leading or trailing white space found,"(317, (0, 'Requirement'))",Deployment of customization on server component. 
data/Final_dataset_RFIs.csv,Final_dataset_RFIs,white_space,Leading or trailing white space found,"(318, (0, 'Requirement'))",Describe mechanism to deploy new configuration / extension on server side. 
data/Final_dataset_RFIs.csv,Final_dataset_RFIs,white_space,Leading or trailing white space found,"(319, (0, 'Requirement'))",Is customization must be manually deployed on each client desktop or is there some automatization in order to automatically deploy new configuration on client side? 
data/Final_dataset_RFIs.csv,Final_dataset_RFIs,white_space,Leading or trailing white space found,"(320, (0, 'Requirement'))",Is it possible for user to customize GUI and menus of the software package? 
data/Final_dataset_RFIs.csv,Final_dataset_RFIs,white_space,Leading or trailing white space found,"(321, (0, 'Requirement'))",Is it possible for administrator to customize GUI and menus of the software package? 
data/Final_dataset_RFIs.csv,Final_dataset_RFIs,white_space,Leading or trailing white space found,"(323, (0, 'Requirement'))",Can solution vendor commit to an end-to-end response time or availability? 
data/Final_dataset_RFIs.csv,Final_dataset_RFIs,white_space,Leading or trailing white space found,"(324, (0, 'Requirement'))",Is it global SLA or can it be refined at business workflow level. 
data/Final_dataset_RFIs.csv,Final_dataset_RFIs,white_space,Leading or trailing white space found,"(325, (0, 'Requirement'))",Does software vendor offer tools to monitor Service Level agreement like web robot accessing solution vendor in different worldwide location with dedicated business processes? 
data/Final_dataset_RFIs.csv,Final_dataset_RFIs,white_space,Leading or trailing white space found,"(326, (0, 'Requirement'))",Does software vendor offer indicators and associated reports allowing ACME to check quality of services. 
data/Final_dataset_RFIs.csv,Final_dataset_RFIs,white_space,Leading or trailing white space found,"(328, (0, 'Requirement'))",Can solution vendor describe backup policy compatible with down time requirements. 
data/Final_dataset_RFIs.csv,Final_dataset_RFIs,white_space,Leading or trailing white space found,"(329, (0, 'Requirement'))","1 h down time per business day (Monday to Friday), 2 hours downtime during week-end day (Saturday and Sunday). "
data/Final_dataset_RFIs.csv,Final_dataset_RFIs,white_space,Leading or trailing white space found,"(330, (0, 'Requirement'))","Backup policy description must include: Backup frequency, Backup type, full or delta, Backup retention. "
data/Final_dataset_RFIs.csv,Final_dataset_RFIs,white_space,Leading or trailing white space found,"(331, (0, 'Requirement'))",Is ASP architecture dedicated to ACME or mutualized with other customers. 
data/Final_dataset_RFIs.csv,Final_dataset_RFIs,white_space,Leading or trailing white space found,"(332, (0, 'Requirement'))","In case of mutualization, how ASP provider grant no security hole between ACME and other customers. "
data/Final_dataset_RFIs.csv,Final_dataset_RFIs,white_space,Leading or trailing white space found,"(333, (0, 'Requirement'))",Environment management critical data management Is testing or development environment containing critical data (data which loss or thief is causing major financial drawback to ACME)? 
data/Final_dataset_RFIs.csv,Final_dataset_RFIs,white_space,Leading or trailing white space found,"(334, (0, 'Requirement'))","If yes, at best, critical content must be cyphered in testing like in production environment. "
data/Final_dataset_RFIs.csv,Final_dataset_RFIs,white_space,Leading or trailing white space found,"(335, (0, 'Requirement'))","At least, it must be tampered. "
data/Final_dataset_RFIs.csv,Final_dataset_RFIs,white_space,Leading or trailing white space found,"(336, (0, 'Requirement'))","Is testing or development environment contains critical data, at best it must be cyphered when moved from one environment to another. "
data/Final_dataset_RFIs.csv,Final_dataset_RFIs,white_space,Leading or trailing white space found,"(337, (0, 'Requirement'))","At least, it must be tampered when moved. "
data/Final_dataset_RFIs.csv,Final_dataset_RFIs,white_space,Leading or trailing white space found,"(338, (0, 'Requirement'))","In case of failure, describe procedure to alert ACME. "
data/Final_dataset_RFIs.csv,Final_dataset_RFIs,white_space,Leading or trailing white space found,"(339, (0, 'Requirement'))",Procedure must be detail according to level of critical of failure. 
data/Final_dataset_RFIs.csv,Final_dataset_RFIs,white_space,Leading or trailing white space found,"(340, (0, 'Requirement'))","ASP provider must detail escalation process (actors, tasks) and interaction with ACME during escalation process. "
data/Final_dataset_RFIs.csv,Final_dataset_RFIs,white_space,Leading or trailing white space found,"(341, (0, 'Requirement'))","In case of unexpected workload, what is delay to obtain additional servers Reversibility. "
data/Final_dataset_RFIs.csv,Final_dataset_RFIs,white_space,Leading or trailing white space found,"(342, (0, 'Requirement'))",In case ACME decide to stop ASP mode. Describe procedure in order ACME to get back data held by ACME. 
data/Final_dataset_RFIs.csv,Final_dataset_RFIs,white_space,Leading or trailing white space found,"(343, (0, 'Requirement'))",Software vendor must provide architecture diagrams to show how to provide high availability and scalability Location of support. 
data/Final_dataset_RFIs.csv,Final_dataset_RFIs,white_space,Leading or trailing white space found,"(344, (0, 'Requirement'))",ASP provider must detail location of people involved in maintenance and support task at ASP provider site. 
data/Final_dataset_RFIs.csv,Final_dataset_RFIs,white_space,Leading or trailing white space found,"(345, (0, 'Requirement'))",Please detail network latency between ASP site and ACME site. 
data/Final_dataset_RFIs.csv,Final_dataset_RFIs,white_space,Leading or trailing white space found,"(346, (0, 'Requirement'))",Network latency must be minimal (< 30 ms per network packet). 
data/Final_dataset_RFIs.csv,Final_dataset_RFIs,white_space,Leading or trailing white space found,"(347, (0, 'Requirement'))",Please detail bandwidth requirements between ASP site and ACME site. 
data/Final_dataset_RFIs.csv,Final_dataset_RFIs,white_space,Leading or trailing white space found,"(348, (0, 'Requirement'))",Bandwidth must be large enough in order to handle file transfers and real time access at peak work load without any bottleneck. 
data/Final_dataset_RFIs.csv,Final_dataset_RFIs,white_space,Leading or trailing white space found,"(350, (0, 'Requirement'))",It should be noted that the purpose of this RFI is not to obtain final proposals. 
data/Final_dataset_RFIs.csv,Final_dataset_RFIs,white_space,Leading or trailing white space found,"(351, (0, 'Requirement'))",These final proposals will be the subject of a subsequent bidding process. 
data/Final_dataset_RFIs.csv,Final_dataset_RFIs,white_space,Leading or trailing white space found,"(355, (0, 'Requirement'))","The Order DEF/2639/2015, of December 3rd, which establishes the Spanish Ministry of Defense Communications and Information Systems Policy (CIS Policy), includes in its article 7 the general guidelines by which the planning and the CIS resourcing, its control, organization, operation and maintenance, for the establishment and provision of the associated services, should be governed. "
data/Final_dataset_RFIs.csv,Final_dataset_RFIs,white_space,Leading or trailing white space found,"(357, (0, 'Requirement'))","In the article 7.3.a), the CIS Architectures to be developed are established and organized in the following hierachical way: 1st. "
data/Final_dataset_RFIs.csv,Final_dataset_RFIs,white_space,Leading or trailing white space found,"(358, (0, 'Requirement'))",Spanish Ministry of Defense Communications and Informations Systems Overarching Architecture (AG CIS/TIC); 
data/Final_dataset_RFIs.csv,Final_dataset_RFIs,white_space,Leading or trailing white space found,"(362, (0, 'Requirement'))","To that end, collaborative work systems will be used to facilitate the understanding of the relationships between capabilities, systems and CIS components in every level and between different architecture levels. "
data/Final_dataset_RFIs.csv,Final_dataset_RFIs,white_space,Leading or trailing white space found,"(363, (0, 'Requirement'))","A general common repository will be created where the Spanish Ministry of Defense CIS Architectures will be stored once they are aproved, including the metadata which facilitates its location, record, classification, access, maintenance and provision. "
data/Final_dataset_RFIs.csv,Final_dataset_RFIs,white_space,Leading or trailing white space found,"(366, (0, 'Requirement'))","Enable the incremental and sequential development of the Reference and Target CIS Architectures of the Spanish Ministry of Defense, in accordance with what it is established in the AG CIS/TIC and with the operative priorities of the Armed Forces (FAS), guaranteeing full ingration of the CIS Capabilities of the Department in the interoperability policy framework that ensures the end-to-end service provision. "
data/Final_dataset_RFIs.csv,Final_dataset_RFIs,white_space,Leading or trailing white space found,"(369, (0, 'Requirement'))",The request for management information is detailed in the following table. 
data/Final_dataset_RFIs.csv,Final_dataset_RFIs,white_space,Leading or trailing white space found,"(371, (0, 'Requirement'))","SIEM-1 Information about the Company, experience, relevant projects related to this application and certifications. "
data/Final_dataset_RFIs.csv,Final_dataset_RFIs,white_space,Leading or trailing white space found,"(374, (0, 'Requirement'))",SIEM-3 Does the Company have made similar supplies to other customers? 
data/Final_dataset_RFIs.csv,Final_dataset_RFIs,white_space,Leading or trailing white space found,"(375, (0, 'Requirement'))","Provide a description of the client, as well as the implementation works. "
data/Final_dataset_RFIs.csv,Final_dataset_RFIs,newlines_tabs,"Newlines, tabs, or vertical tabs found.","(2, (0, 'Requirement'))","Both images and data
Standard process role names should be populated in a drop down menu to maintain name consistency across processes.  "
data/Final_dataset_RFIs.csv,Final_dataset_RFIs,newlines_tabs,"Newlines, tabs, or vertical tabs found.","(25, (0, 'Requirement'))","The solution should allow the Process Analyst to be able to model at different levels 
The tools should have the ability to view the models for different studies."
data/Final_dataset_RFIs.csv,Final_dataset_RFIs,newlines_tabs,"Newlines, tabs, or vertical tabs found.","(32, (0, 'Requirement'))","The tool needs to support any naming or numbering formats
"
data/Final_dataset_RFIs.csv,Final_dataset_RFIs,newlines_tabs,"Newlines, tabs, or vertical tabs found.","(78, (0, 'Requirement'))","The following general categories within the RFI process will be examined and evaluated: Strategic capabilities, for example:
The Supplier’s financial situation, The Supplier’s company structure, The Market presence and reputation, The Service and quality of service, The Supplier’s acceptance of ACME’s Terms and Conditions, The Supplier’s flexibility to react to urgent needs and requirements, Strategic Partnerships."
data/Final_dataset_RFIs.csv,Final_dataset_RFIs,newlines_tabs,"Newlines, tabs, or vertical tabs found.","(272, (0, 'Requirement'))","Server crash: Database server crash, Applicative server crash,Full Text indexer crash, Web server crash 
Component server crash, database instance crash, applicative server process interruption"
data/Final_dataset_RFIs.csv,Final_dataset_RFIs,newlines_tabs,"Newlines, tabs, or vertical tabs found.","(377, (0, 'Requirement'))","Each Company can respond according to the format established below: 
In any case, no Company will be excluded from future processes of hiring due to non- compliance with one or more of the requirements established in this document."
